presupuesto,popularidad,ventas,duracion,puntuacion,n_votos,ventas_pred
0.0,8.387519000000001,76578911.0,106.0,5.7,173.0,13506241.855005525
0.0,0.894647,676525.0,106.0,6.7,13.0,5503581.415301982
3500000.0,14.56965,28215918.0,91.0,7.0,513.0,38766797.476627246
0.0,8.963037,32.0,87.0,6.0,124.0,9331852.001590569
12000000.0,9.592265,41205099.0,92.0,6.5,767.0,67376091.49007396
0.0,0.5404359999999999,209935.0,86.0,3.8,2.0,2332945.561932124
31000000.0,6.4996800000000015,185260553.0,117.0,6.7,303.0,61836223.02831579
52000000.0,18.761467,355237933.0,140.0,7.3,1637.0,174696347.78532812
2000000.0,11.528147,1275000.0,83.0,6.8,28.0,4881519.091645587
0.0,3.620388,3174695.0,119.0,7.6,71.0,9708974.691366376
90000000.0,8.184814999999999,113493481.0,96.0,5.4,643.0,154757604.04489458
0.0,8.482834,69660733.0,103.0,5.5,171.0,13093683.267336946
150000.0,1.165039,472370.0,94.0,5.8,14.0,4616009.324753525
0.0,3.743212,50892160.0,106.0,5.7,60.0,7281253.5622184
14000000.0,1.820419,5780000.0,99.0,4.6,9.0,20661682.38674098
0.0,7.6534460000000015,47774193.0,105.0,6.3,117.0,10254224.626023162
10000000.0,6.638116,26488734.0,89.0,6.2,464.0,45202973.426607914
27000.0,10.513367,3151130.0,92.0,7.4,769.0,53052350.34710426
16000000.0,9.844558,247275374.0,107.0,6.5,1894.0,148274646.2195541
700000.0,9.47666,7830611.0,171.0,7.7,91.0,12739249.458716307
17000000.0,7.698525999999998,7603766.0,106.0,6.4,28.0,25246803.07968248
0.0,4.025276,2201126.0,99.0,7.6,106.0,10988107.2770033
35000000.0,8.910461999999997,9771658.0,89.0,6.5,251.0,61142623.85150834
0.0,11.971318,32648673.0,97.0,6.8,321.0,22553678.585077293
0.0,2.5833630000000003,1007583.0,128.0,6.1,29.0,6799900.004203346
11500000.0,6.514592,20079850.0,99.0,6.5,180.0,28726396.436004505
0.0,1.679042,3662459.0,80.0,4.9,28.0,4065343.999613885
0.0,13.696394,63000000.0,110.0,6.3,205.0,14643190.182517547
0.0,6.071466,28881266.0,91.0,4.7,54.0,4955411.94662356
0.0,5.997712,24760338.0,114.0,6.2,125.0,11633907.287357714
12000000.0,9.9697,15826984.0,107.0,4.8,202.0,29265940.915787864
26000000.0,13.373006,206678440.0,125.0,7.6,1019.0,102479649.87256536
0.0,3.199976,23042200.0,112.0,6.0,28.0,5745425.990730261
11000000.0,5.868677,11439193.0,97.0,6.7,99.0,22897400.241469264
12000000.0,5.914833,22750363.0,114.0,7.2,187.0,31072609.107138246
0.0,12.048587,7266383.0,110.0,7.3,100.0,8643421.027617669
0.0,4.983552,13940383.0,93.0,5.0,64.0,6194881.998158123
12000000.0,4.405169,4939939.0,108.0,5.7,17.0,19031601.433742113
0.0,0.002229,65335.0,0.0,0.0,0.0,-3795923.0600020187
57000000.0,23.63659,115267375.0,103.0,6.4,553.0,104710869.93603544
0.0,3.900709,536364.0,125.0,7.9,63.0,9541923.171775687
0.0,2.381806,16000.0,117.0,8.2,40.0,8225830.969223458
9000000.0,14.304205,2500000.0,98.0,5.7,149.0,20868826.38613013
27000000.0,11.633347,25023434.0,113.0,6.7,248.0,51592054.651803054
26000000.0,10.177303,116400000.0,102.0,6.5,172.0,45071305.697938725
0.0,4.220058,21302121.0,86.0,5.4,51.0,5433136.132898495
1752000.0,11.709777,5000000.0,110.0,8.2,533.0,40335510.88019783
1400000.0,12.06308,63463.0,138.0,8.0,367.0,29916512.07558307
1.0,6.4288300000000005,5.0,115.0,7.5,163.0,14811904.747304432
114000.0,14.384198,30000000.0,96.0,7.5,591.0,40392287.02009034
14000000.0,8.307210000000001,154864401.0,98.0,6.8,510.0,53461946.20069559
48000000.0,10.639244,390493908.0,143.0,6.6,937.0,125069639.66396484
2400000.0,5.230661,5731103.0,120.0,7.0,11.0,7897921.752936229
2000000.0,4.331819,11833696.0,82.0,6.7,167.0,16135143.231599797
4000000.0,10.714173,20045115.0,94.0,7.7,1230.0,88951787.01650047
6500000.0,8.051891,30218387.0,97.0,6.4,255.0,27017744.228722032
60000000.0,7.046753,157920733.0,107.0,5.9,359.0,100087082.71825653
1800000.0,7.301719,8000000.0,125.0,7.6,291.0,25855866.22324628
36000000.0,9.178371,20300385.0,129.0,6.8,257.0,64748587.76111466
0.0,12.252186,19255967.0,109.0,7.3,101.0,8604699.289922526
1000000.0,9.194572,21378361.0,89.0,6.4,318.0,23777781.8470804
0.0,0.001223,2035470.0,96.0,0.0,0.0,740795.6348812394
0.0,3.60795,2666118.0,89.0,7.3,54.0,6993583.512355195
7000000.0,2.661026,1100000.0,80.0,5.7,33.0,13144394.463915117
500000.0,4.101295,3779620.0,71.0,8.2,67.0,7978167.429331098
3000000.0,35.529554,108981275.0,133.0,8.3,3001.0,201202944.4797905
0.0,7.194364,41590893.0,86.0,6.7,201.0,15323969.402516335
350000.0,16.503959,1000000.0,96.0,8.2,2130.0,143361548.53106764
18000000.0,8.868558,23000000.0,129.0,7.7,968.0,90790281.02170414
18000000.0,7.521346,26828365.0,122.0,7.4,391.0,52100602.34385781
16400000.0,19.905716,235860116.0,129.0,8.1,2786.0,207442741.2700423
3000000.0,12.057829,104945305.0,106.0,7.6,855.0,62778480.967301436
0.0,8.994189,10297601.0,97.0,6.8,164.0,12909053.589027574
14000000.0,10.942149,159157447.0,131.0,7.7,1133.0,96416312.10281463
2000000.0,9.241748,11000000.0,125.0,8.1,756.0,56911316.58538608
730000.0,16.715935,8000000.0,85.0,7.6,343.0,23432844.070832804
12000000.0,6.7734070000000015,22244207.0,95.0,7.7,363.0,41971168.680360526
2500000.0,11.591462,11403529.0,119.0,7.3,959.0,69702204.87399834
1800000.0,13.694713,25504513.0,91.0,7.2,1212.0,83779380.16541313
1000000.0,9.475693,24444121.0,135.0,7.4,236.0,20936944.781632233
6000000.0,7.854899,181813770.0,110.0,7.2,1633.0,119652054.31591298
23000000.0,5.307983999999999,12803305.0,98.0,6.6,130.0,39843798.09679381
25000000.0,9.304901,36400360.0,93.0,6.0,175.0,43595427.68220833
0.0,2.543626,20060051.0,79.0,5.6,29.0,4221413.367590789
45000000.0,10.102471,302710615.0,86.0,6.4,1456.0,153442151.4873384
20000000.0,7.390306,60000000.0,127.0,7.1,115.0,36208891.42424965
0.0,5.889414,29235353.0,92.0,6.0,160.0,12855797.149287183
2000000.0,1.7442,2900000.0,108.0,5.7,10.0,7058737.946557105
5000000.0,5.215107,15719109.0,90.0,5.6,114.0,15792825.345492076
3500000.0,8.333322,257850122.0,91.0,6.9,372.0,31070862.4148771
0.0,2.117703,832735.0,83.0,8.3,8.0,4610092.346955532
24000000.0,2.8188020000000003,2642983.0,102.0,5.7,24.0,34391228.29337758
15000000.0,7.595679,43101594.0,155.0,7.5,812.0,78162956.48375505
35000000.0,8.412203,31611225.0,115.0,5.6,43.0,48112463.41186347
5000000.0,6.002992,3263585.0,112.0,6.8,108.0,16864079.07474782
28000000.0,5.017519999999998,5684789.0,134.0,6.8,92.0,45330716.03920583
75000000.0,7.124735,13100000.0,134.0,5.8,483.0,127977576.48657149
20000000.0,13.924623,67200000.0,108.0,6.3,454.0,55666665.09534013
25000000.0,13.06943,21567853.0,136.0,6.7,140.0,42592780.05161993
10000000.0,1.453096,45779.0,86.0,3.0,9.0,14367653.962398361
0.0,8.207548,3572443.0,107.0,4.3,20.0,2606620.5052803997
1180280.0,1.196324,7630000.0,110.0,4.6,17.0,6169008.056847002
1250000.0,9.058578,6000000.0,118.0,6.9,76.0,9587241.876999883
1250000.0,8.731330999999999,11000000.0,101.0,7.4,115.0,11759748.665710812
3600000.0,10.579988,44785053.0,113.0,7.4,307.0,27517742.270656317
1000000.0,14.774066,117235147.0,119.0,7.5,1843.0,126167397.69898297
8000000.0,9.741644,106260000.0,105.0,7.4,483.0,44545423.54385147
31000000.0,14.004074,128499205.0,161.0,7.0,290.0,61060840.91974671
25000000.0,11.267467,412800000.0,133.0,7.6,1762.0,151913769.05029282
3000000.0,8.668146,29999213.0,87.0,5.7,367.0,29179677.934217736
550000.0,12.146747,59754601.0,95.0,6.4,622.0,42989991.95800255
0.0,5.3837660000000005,2683519.0,97.0,6.0,35.0,4879001.314782416
10700000.0,11.776326,122200000.0,114.0,7.1,811.0,69466502.14087644
25000000.0,9.806685,21288692.0,80.0,6.5,228.0,46655525.33066298
0.0,10.107454,7027290.0,103.0,5.9,150.0,11443620.672022296
0.0,1.210627,7218340.0,108.0,7.3,12.0,5769981.002418125
0.0,1.29288,2135577.0,101.0,6.4,27.0,5924663.854417797
0.0,5.873021,73961419.0,94.0,7.0,272.0,20992515.846956123
300000.0,0.546143,40542.0,94.0,3.0,1.0,2571455.9753329596
7500000.0,5.564294,33736689.0,131.0,7.8,199.0,27587775.896362767
0.0,8.568378,40471663.0,96.0,6.6,313.0,22836691.657209657
60000000.0,9.562953,48585416.0,89.0,4.4,205.0,87395434.37776406
0.0,1.486062,33556.0,98.0,6.5,10.0,4645755.189714644
25000000.0,3.643468,777423.0,117.0,6.4,20.0,36207206.60225969
0.0,1.768854,30688860.0,96.0,5.2,13.0,3957373.4114874266
40000000.0,12.330249,243240178.0,138.0,7.1,899.0,112268741.0996039
38000000.0,7.118123,266614059.0,117.0,5.8,300.0,69551554.37885964
0.0,12.083475,500000.0,111.0,7.2,80.0,7288530.190402824
0.0,2.533982,2197921.0,101.0,6.0,18.0,4747797.877843237
17000000.0,12.480685,30331165.0,81.0,5.9,202.0,34055205.94572464
1100000.0,2.31478,631221.0,86.0,4.7,36.0,5941270.414359348
11000000.0,9.270492,31672907.0,92.0,6.5,205.0,28664282.793185502
20000000.0,18.157166,23875127.0,119.0,8.2,3120.0,234274622.10405704
23000000.0,9.461823,185991646.0,90.0,5.9,521.0,64035155.0972559
2900000.0,4.919716,5596708.0,113.0,7.6,132.0,16689347.948764447
5000000.0,8.679349,27400000.0,104.0,6.0,99.0,14678458.126721296
3500000.0,0.556435,9247881.0,90.0,3.8,13.0,7546391.7671898585
7000000.0,11.789813,200182160.0,119.0,6.9,948.0,74210589.97608544
17000000.0,11.673366,270000000.0,99.0,6.6,894.0,81790774.92769647
31000000.0,10.25721,300473716.0,91.0,6.6,984.0,105010233.19666667
42000000.0,14.007329,119946358.0,104.0,5.3,688.0,97539004.23296183
0.0,6.669878999999999,91258000.0,96.0,6.4,113.0,9898150.760023372
8000000.0,7.644989999999999,90815558.0,126.0,6.9,913.0,74615351.74457105
27000000.0,9.802574,71320000.0,97.0,7.1,668.0,79662680.3693475
70000000.0,9.353499,56702901.0,115.0,6.1,113.0,95732765.51255664
6000000.0,4.4095900000000015,6330054.0,114.0,5.8,56.0,14616108.814263463
20000000.0,3.010088,3970078.0,121.0,6.6,49.0,32492897.4631935
85000.0,15.526413,30859000.0,83.0,7.1,617.0,40934090.797665335
4700000.0,9.501011,8025872.0,101.0,5.8,142.0,16698643.781725537
0.0,7.427491000000002,71624879.0,93.0,6.7,104.0,9102202.409690341
13800000.0,11.613655,52293982.0,119.0,6.7,297.0,38964854.003916375
6000000.0,6.053045,4398989.0,95.0,5.5,52.0,12815331.964901922
3000000.0,7.434797,3076820.0,87.0,5.9,93.0,11322196.183474422
8000000.0,6.823445,17092453.0,100.0,5.0,107.0,18687412.686998475
900000.0,8.357875,6980986.0,92.0,4.5,50.0,5074446.307423282
0.0,7.106757000000001,21200000.0,110.0,6.5,392.0,29144341.072061244
0.0,4.535207,21095683.0,106.0,5.9,46.0,6228020.28128366
75000000.0,9.019881,29000000.0,90.0,5.1,46.0,95751918.85613543
0.0,0.38359,13936.0,93.0,4.5,3.0,3159688.610887723
355000.0,7.503125999999999,1012189.0,72.0,7.2,254.0,18827597.96720724
12500000.0,6.122739,78599508.0,80.0,7.7,408.0,45070982.45847948
10000000.0,6.396767,10571408.0,98.0,6.5,88.0,20721380.818114474
15000000.0,11.573562,146292009.0,154.0,7.7,345.0,45860559.538689695
2000000.0,0.910047,1301121.0,111.0,2.0,2.0,4874005.791013373
0.0,2.077869,5000000.0,140.0,7.1,24.0,7726262.473426966
0.0,3.4662040000000003,378667.0,104.0,5.8,18.0,4512720.853348269
3500000.0,13.063203,83453539.0,88.0,7.1,1104.0,78627827.52090217
0.0,7.181664,27150534.0,85.0,6.0,276.0,19910952.641754337
0.0,1.122218,458557.0,115.0,5.9,8.0,5090313.297534049
29000000.0,9.304144,50041732.0,103.0,6.0,248.0,53856096.44011758
15000000.0,20.726578,356296601.0,122.0,7.9,3438.0,248644609.8131317
1200000.0,2.017413,14363400.0,113.0,7.5,33.0,8761066.296809776
9000000.0,7.472509,24922237.0,106.0,6.9,279.0,32554947.010772713
6000000.0,12.724645,70136369.0,103.0,7.5,1340.0,98499739.8408215
5500000.0,9.91087,15700000.0,105.0,7.4,284.0,28124311.88377893
1800000.0,7.266576,6800000.0,114.0,6.7,197.0,18567045.14332065
463455.0,0.445526,966878.0,84.0,8.0,9.0,5607173.715749333
700000.0,0.101618,10508.0,107.0,0.0,0.0,2090534.704643309
27000000.0,3.104943,14859394.0,124.0,6.3,49.0,41029871.50096945
51000000.0,5.061725,36911617.0,101.0,4.5,84.0,70176016.83083151
3500000.0,9.330087,14000000.0,92.0,5.9,133.0,14303369.962379515
40600000.0,14.285052,90400000.0,116.0,7.1,763.0,102311692.11414486
0.0,9.696201,38016380.0,107.0,6.7,81.0,7575923.837269859
0.0,0.122181,822.0,80.0,7.5,2.0,4199818.972859315
20000000.0,0.69162,2297493.0,98.0,4.9,7.0,28329049.73911779
16000000.0,9.596883,53977250.0,129.0,7.4,132.0,32065667.55643963
0.0,5.355761,13994920.0,103.0,7.3,60.0,7555582.570771545
133000.0,13.233135999999998,361712.0,93.0,8.0,404.0,28374538.372490373
4000000.0,3.3501260000000004,1680358.0,132.0,7.2,33.0,12547251.693706732
28000000.0,12.319855,47951979.0,137.0,7.0,162.0,48170578.46688404
0.0,12.583826,43440294.0,123.0,7.0,241.0,18367494.65600557
0.0,13.201595,52096475.0,120.0,7.6,568.0,40242382.512632325
18000000.0,6.303383999999999,11500000.0,122.0,6.5,21.0,27216134.523280755
0.0,0.798428,442000.0,96.0,5.8,6.0,4096636.069884368
0.0,9.64078,46434570.0,112.0,5.7,78.0,7078680.839376379
17000000.0,6.567794,65535067.0,88.0,5.4,314.0,43294328.374854594
24000000.0,9.526781,88545092.0,126.0,6.9,285.0,51713445.16805097
1300000.0,5.961382,29133000.0,118.0,7.6,133.0,14731299.38036009
37000000.0,9.091636,48451803.0,188.0,7.5,844.0,108421196.99125414
0.0,2.837238,28623900.0,98.0,6.7,34.0,5973129.969199277
55000000.0,10.571434,100230832.0,163.0,6.8,430.0,100831158.36633669
11000000.0,10.06545,59827328.0,98.0,6.5,145.0,24708246.672747813
50000000.0,5.716009,73956241.0,146.0,7.2,401.0,93565791.68902928
0.0,1.157478,507941.0,91.0,6.3,17.0,4767396.29984507
24554.0,0.154526,140021.0,95.0,8.1,4.0,5392499.046850702
4500000.0,14.658885,27092880.0,90.0,7.0,330.0,27684677.97766814
0.0,5.50751,1400000.0,113.0,6.1,33.0,5520773.964267114
11700000.0,6.672714999999998,88036683.0,110.0,6.5,196.0,30516053.190823995
31000000.0,14.505987,134095253.0,157.0,7.3,763.0,92519094.56023178
40000000.0,10.852038,107458785.0,128.0,6.8,362.0,76149369.29215758
0.0,6.1121120000000015,5471088.0,110.0,7.1,147.0,13377033.288621891
16000000.0,7.246119,48017402.0,107.0,6.0,139.0,31399278.660662286
42000000.0,12.11759,32168970.0,124.0,5.3,175.0,64724533.4667065
25000000.0,2.9719990000000003,24362772.0,108.0,4.3,29.0,35423575.966077246
2053648.0,2.691433,500000.0,102.0,7.8,17.0,8190172.161566336
0.0,3.216292,770132.0,80.0,8.3,34.0,5892035.754133221
24500.0,1.783412,4000000.0,67.0,5.3,26.0,3536982.713978379
90000000.0,9.021107,60874615.0,114.0,5.7,374.0,137546952.4030969
0.0,3.78346,7305209.0,92.0,5.2,51.0,5731986.961838121
52000000.0,10.135446,256271286.0,131.0,7.1,730.0,115987456.11898385
23000000.0,14.961416,53302314.0,98.0,6.4,1416.0,122954787.21415411
2700000.0,7.525382,141000000.0,109.0,7.0,420.0,34435869.42226446
6500000.0,10.465403,37295445.0,120.0,7.6,301.0,31147414.466852985
1500000.0,8.822275999999997,11806119.0,92.0,6.6,370.0,28226228.258849062
2000000.0,9.333533,7600000.0,134.0,7.6,243.0,22734942.0378849
4653000.0,7.0706690000000005,6000000.0,120.0,7.2,96.0,15927715.63858208
0.0,12.497833,14250000.0,128.0,7.3,205.0,16385959.390528131
3800000.0,13.180457,23689877.0,121.0,7.8,391.0,33232146.04631541
0.0,8.3539,44527234.0,106.0,7.5,121.0,11026817.846077625
10000000.0,1.191035,5241315.0,98.0,4.6,20.0,16623370.856243808
6000000.0,5.511756,38435947.0,105.0,5.8,156.0,20561398.312706403
30000000.0,6.045585,37036004.0,127.0,5.9,161.0,51278489.98557025
3800000.0,5.138367,28200000.0,97.0,6.5,60.0,11556825.345258893
6500000.0,6.006812,21709020.0,125.0,7.2,227.0,27493645.978935953
6000000.0,10.451986,39846344.0,98.0,6.7,370.0,33617958.36914057
0.0,0.009057,10.0,90.0,0.0,0.0,455024.30349625647
160000.0,1.3915030000000002,4000000.0,86.0,5.7,18.0,4397932.752819671
2000000.0,12.896203,1568749.0,112.0,6.0,35.0,5888955.616777714
2500000.0,2.599219,10000000.0,91.0,6.4,18.0,7542879.399702726
1821052.0,11.046411,1300000.0,111.0,7.9,128.0,13413174.014583673
3000000.0,2.753674,6000000.0,96.0,7.2,44.0,10525752.801902553
51000000.0,9.95456,149270999.0,116.0,6.1,956.0,128666088.53516945
120000000.0,18.911961,325756637.0,130.0,6.2,609.0,188258178.34096918
19000000.0,12.446738,278019771.0,88.0,6.0,1468.0,121553200.21674886
1200000.0,4.928139,2600000.0,85.0,6.5,101.0,10601937.035528934
6000000.0,8.441279,20400000.0,144.0,6.2,38.0,13894650.373330772
15000000.0,1.991904,5217498.0,105.0,4.7,15.0,22578858.537057407
35000000.0,11.787942,63710000.0,100.0,6.7,265.0,61883879.842685685
2000000.0,5.378481,18016290.0,88.0,6.6,218.0,19473960.78209036
0.0,0.413413,11532.0,110.0,0.0,0.0,1284266.739436374
28000000.0,6.402888,90449929.0,98.0,5.8,574.0,74912045.44014199
0.0,5.062928,26394.0,100.0,6.1,14.0,3763431.4001127053
30000000.0,6.587725999999999,136706683.0,113.0,7.4,835.0,96350797.35516573
1000000.0,10.81305,14564027.0,94.0,6.9,464.0,33586833.43419651
24000000.0,3.755409,13700000.0,84.0,5.7,35.0,34007809.72537465
32000000.0,7.1776490000000015,48814909.0,129.0,7.0,556.0,80516860.44417566
82000000.0,8.413110000000001,96085477.0,123.0,5.7,603.0,143644425.12181026
0.0,9.420183,49230280.0,93.0,7.1,567.0,39708614.01786735
6000000.0,6.759181,5849647.0,84.0,7.1,134.0,18454116.42043303
20000000.0,6.526379,45833132.0,97.0,6.5,144.0,36648529.630205125
13000000.0,10.890236,73180723.0,83.0,5.3,523.0,50832399.398738734
43000000.0,10.536255,80049764.0,136.0,7.0,305.0,76596572.97281447
0.0,3.933132,8524534.0,134.0,6.6,65.0,9378207.491264077
35000000.0,8.056016,94728529.0,103.0,5.4,433.0,73614454.59904826
0.0,2.042116,3818452.0,117.0,6.7,47.0,7967991.4410649985
10000000.0,2.8497790000000003,14000.0,99.0,6.0,67.0,20106306.160793178
0.0,1.416498,10348437.0,86.0,4.4,12.0,3079872.0441782502
0.0,11.266569,50504655.0,90.0,7.4,106.0,8378439.257759683
350000.0,10.421679,29400000.0,85.0,7.3,913.0,62717528.73969289
3000000.0,6.409512,10400000.0,146.0,7.3,41.0,11695376.023271613
2000000.0,2.921405,11000000.0,104.0,5.9,42.0,8781845.02981697
0.0,4.510919,45000000.0,110.0,5.7,15.0,4241468.091406079
7920000.0,11.162277,14560084.0,140.0,6.7,121.0,21105441.08790292
0.0,10.54375,22642033.0,98.0,5.5,71.0,5580613.841914803
17000000.0,5.036929,29712172.0,136.0,6.9,87.0,31646327.26091907
0.0,2.84023,22228000.0,110.0,6.9,31.0,6448496.721365558
0.0,12.372036,24689703.0,87.0,6.5,44.0,3280502.8744271416
0.0,1.650666,1079726.0,111.0,5.8,14.0,5096196.589875372
2000000.0,10.650752,4905000.0,128.0,7.4,472.0,37276011.51344568
0.0,10.847383,5800000.0,141.0,7.6,265.0,21649568.48151054
18000000.0,6.693055,72179579.0,95.0,6.2,161.0,35024870.265211366
3200000.0,6.641827,8000000.0,123.0,7.4,272.0,26287653.757993724
16000000.0,6.918821,17374595.0,112.0,6.2,153.0,32775170.72291953
18000000.0,12.769371,141774679.0,96.0,6.2,908.0,83278293.82843323
0.0,2.047132,21268532.0,46.0,7.5,10.0,2576579.4772517653
3512454.0,0.134014,115860.0,95.0,7.0,20.0,10143178.499018433
0.0,2.8216080000000003,8674093.0,124.0,6.3,16.0,5783160.622386482
24000000.0,11.666172,43455230.0,91.0,6.4,155.0,40479952.27162159
9000000.0,1.99161,6436211.0,88.0,5.1,17.0,14768555.6154763
8000000.0,1.194377,1893139.0,91.0,5.7,9.0,13706380.587719128
0.0,4.368078,2835116.0,116.0,7.4,59.0,8440877.033668308
15000000.0,5.9524940000000015,216614388.0,107.0,5.7,566.0,58929248.334164836
0.0,4.205858,28890240.0,113.0,6.0,60.0,7644128.62140153
0.0,1.511044,2777280.0,109.0,5.4,31.0,5958847.098409943
11000000.0,5.304376,49797148.0,107.0,6.7,222.0,31755824.782244362
400000.0,0.218588,43719.0,97.0,6.0,1.0,4576144.092197926
5000000.0,6.386082,295206.0,97.0,6.4,271.0,26724733.8996328
0.0,0.4536979999999999,3169719.0,98.0,4.1,10.0,3624398.4130758774
15000000.0,3.96986,40590000.0,96.0,6.0,49.0,24573689.764614616
0.0,0.444226,100544.0,100.0,6.9,10.0,5258269.439678051
0.0,3.140011,20424259.0,99.0,6.9,57.0,7581261.271542013
22000000.0,11.619446,33788161.0,104.0,6.4,491.0,61120341.66900132
700000.0,8.66635,1667192.0,97.0,6.7,31.0,4913957.941614354
0.0,0.100465,251058.0,88.0,7.0,2.0,4309674.949201134
100000.0,3.580063,490475.0,86.0,6.9,63.0,7364731.613441886
24000000.0,4.1975440000000015,14782676.0,89.0,5.8,53.0,35375834.29171518
0.0,5.511557,21202829.0,134.0,6.0,97.0,10736341.33728944
35000000.0,6.346979,27107960.0,111.0,6.1,237.0,61761045.68041459
16000000.0,9.101896,66468332.0,89.0,5.5,444.0,50135982.32770501
12000000.0,6.796277000000001,31155435.0,93.0,6.4,230.0,32263820.280285634
107000000.0,9.303104,87713825.0,157.0,6.7,457.0,166450784.80206284
22000000.0,12.935016,92542418.0,132.0,7.2,542.0,65915638.90869483
18000000.0,3.383201,14110013.0,108.0,6.5,69.0,30600646.001157112
14000000.0,5.079464,63513743.0,120.0,6.8,156.0,31756614.85781558
19000000.0,5.214505,11000000.0,110.0,4.4,9.0,26232912.649295904
1202007.0,6.360746,2948386.0,103.0,7.7,70.0,9630336.095171098
1000000.0,3.374229,10013424.0,97.0,5.9,50.0,7629520.091426006
14000000.0,5.355452,35856053.0,126.0,6.5,81.0,26781669.532374203
0.0,6.481464,101300000.0,111.0,6.7,130.0,11962268.690296803
0.0,2.972928,5010362.0,107.0,6.2,32.0,5951416.933935329
0.0,0.022347,28149.0,80.0,0.0,0.0,-21328.098380948417
0.0,0.474556,46352.0,104.0,6.5,2.0,4684168.8244704325
0.0,1.109111,1347988.0,91.0,7.8,6.0,4868959.50640394
106000.0,0.345862,19319254.0,107.0,5.4,9.0,4857196.1042274125
7500000.0,3.399684,6266621.0,112.0,6.4,21.0,14640073.175909575
0.0,6.404093,1008404.0,85.0,5.6,18.0,2663425.287820262
1500000.0,8.128105999999999,416925.0,98.0,6.8,152.0,14242154.717540678
1600000.0,7.715087,5400000.0,103.0,7.1,61.0,8799492.006767945
40000.0,2.6493,1434436.0,93.0,7.3,19.0,5166099.697523698
3000000.0,0.527297,19184015.0,113.0,5.0,1.0,7884435.567732053
0.0,15.360682,2955917.0,92.0,4.9,33.0,1046950.6460799249
14000000.0,9.970485,62134225.0,103.0,5.9,67.0,23107247.407398514
0.0,0.796778,8041049.0,113.0,5.3,12.0,5027214.43429184
0.0,7.772822,19740070.0,94.0,5.0,11.0,1899251.1401296062
230000.0,4.788002,25000000.0,89.0,6.1,145.0,12363659.422760962
0.0,3.386374,23000000.0,117.0,7.2,55.0,8392173.368633129
0.0,3.83196,215339.0,106.0,7.0,84.0,9573994.910774354
4000000.0,11.393859,35564473.0,120.0,7.3,467.0,38749315.50126122
0.0,9.389486,14155617.0,103.0,4.9,10.0,1739626.46640235
0.0,3.858572,9566593.0,92.0,5.8,12.0,3432073.433855096
8500000.0,3.950775,29916207.0,94.0,5.2,33.0,15002122.316072501
41000000.0,8.374355,215000000.0,110.0,6.8,1676.0,165093976.05183163
7500000.0,1.418177,4245870.0,102.0,4.6,8.0,12878155.77335425
11000000.0,8.929393,2807854.0,98.0,5.2,156.0,25055779.35015175
20000000.0,5.794821,33526835.0,85.0,6.0,103.0,33275261.510055512
35000000.0,2.171346,69701637.0,114.0,5.9,41.0,49884116.85462246
130000.0,0.471913,1596.0,70.0,6.2,5.0,3273696.498600688
25000000.0,14.686487,41597830.0,114.0,7.0,461.0,62717716.746671624
0.0,3.827583,30878.0,100.0,7.7,49.0,7335662.162842987
0.0,0.173464,405331.0,103.0,8.0,3.0,5613244.59786617
24000000.0,16.195894,87055349.0,91.0,6.6,552.0,65836758.94613066
0.0,0.984515,105656.0,94.0,6.4,19.0,5147320.597917013
20000000.0,5.762343,132675402.0,105.0,5.4,191.0,39784360.864086434
5037000.0,3.657476,14483352.0,168.0,7.2,31.0,15298737.70110038
6000000.0,5.277814,18686644.0,92.0,5.4,81.0,14779831.493276097
4100000.0,3.826281,36000000.0,135.0,6.4,43.0,12904861.889145505
75000000.0,9.409379,195745823.0,106.0,5.9,937.0,156410806.58167827
7000000.0,11.00913,16829545.0,89.0,6.0,310.0,29863794.35150923
3000000.0,1.739182,9563393.0,89.0,4.8,22.0,7697497.698033787
0.0,6.175627,20240128.0,109.0,6.2,11.0,3724225.3964779293
1000000.0,2.154226,464000.0,92.0,6.7,13.0,5707869.761248343
0.0,10.460298,11750000.0,122.0,6.9,64.0,7038910.09258673
0.0,4.453296,3117985.0,107.0,7.4,112.0,11534936.517378015
0.0,9.665142,4104962.0,115.0,7.0,192.0,15549345.65096315
0.0,1.143004,39842.0,97.0,7.4,13.0,5391299.323325383
0.0,1.200053,11359129.0,103.0,5.3,16.0,4706585.985576348
19000000.0,9.280038,39267515.0,85.0,4.1,211.0,37228565.68254356
0.0,2.067929,544476.0,87.0,5.1,29.0,4461334.061669581
0.0,4.337214,17530973.0,115.0,5.4,46.0,6435633.776584003
45000000.0,7.288046,124914842.0,95.0,5.2,386.0,82471278.18076497
54000000.0,11.415316,7266209.0,121.0,3.5,105.0,73836299.1498772
26000000.0,7.867999,110230332.0,97.0,6.0,919.0,95169265.50257538
22000000.0,16.532577,68296293.0,139.0,7.0,268.0,46785370.56486714
20000000.0,5.555088,37095657.0,92.0,6.1,193.0,39747319.79932882
0.0,5.809807,6330000.0,88.0,6.4,76.0,7292575.02582475
6000000.0,3.5544910000000005,3661757.0,96.0,5.9,56.0,14065392.681465335
0.0,7.843561999999999,55240.0,143.0,8.1,208.0,19067849.531512264
0.0,0.001272,48752.0,75.0,0.0,0.0,-251562.57053427352
20000000.0,4.15656,1675706.0,84.0,3.3,12.0,26131020.701582603
1500000.0,6.466688,30553394.0,93.0,5.5,332.0,25803858.689580623
29000000.0,8.843364999999997,98185582.0,102.0,6.2,605.0,77920878.59530908
0.0,8.507688,27540561.0,105.0,6.7,47.0,5548563.198963365
9000000.0,8.888278,4350774.0,79.0,6.0,42.0,14532892.396111805
0.0,3.5520050000000003,3685862.0,97.0,6.6,64.0,7672120.275523774
0.0,0.0008439999999999,989000.0,94.0,5.2,3.0,3700761.2038337253
9500000.0,7.8100679999999985,107071655.0,98.0,6.1,670.0,58398139.972385846
32000000.0,5.81647,52277485.0,109.0,6.8,146.0,52437957.08222622
48000000.0,11.142209,220673217.0,84.0,5.8,948.0,122433982.49281742
0.0,2.293644,616938.0,93.0,4.6,7.0,2934795.902124132
0.0,2.80051,170215.0,110.0,7.9,44.0,7877904.698534738
0.0,0.950658,320092.0,90.0,6.6,17.0,4944036.257995749
150000000.0,8.693298,212011111.0,138.0,6.9,808.0,242055383.05244496
15000000.0,3.67003,201957688.0,111.0,5.8,643.0,64975556.539222226
0.0,9.968395,7286388.0,135.0,6.6,108.0,10571500.079207674
18000000.0,10.000775,18532286.0,108.0,6.2,77.0,29074990.252471067
0.0,2.616309,524668.0,86.0,6.3,24.0,4581215.879414017
0.0,4.912294999999999,35114428.0,97.0,6.3,68.0,7385212.744485917
35000000.0,5.6182370000000015,4651977.0,114.0,6.6,54.0,50149976.32765103
12000000.0,5.409557,110996879.0,111.0,6.2,151.0,28119717.897587955
64000.0,11.30591,24517.0,85.0,7.6,105.0,8252302.789256232
2650000.0,4.471515,3100000.0,147.0,7.0,71.0,13709775.323334552
3000000.0,6.09018,9012000.0,133.0,7.3,85.0,14114549.043917172
55000000.0,6.96675,33828318.0,118.0,5.1,194.0,83024694.64463955
10000000.0,5.109575,96542059.0,108.0,6.6,94.0,22018764.99020501
16500000.0,9.245145,16942795.0,126.0,7.0,202.0,37098958.15362593
40000000.0,7.364297,190212113.0,98.0,6.0,725.0,99563368.34900573
15000000.0,7.803563,2281585.0,112.0,5.7,21.0,22194594.24409038
0.0,3.768411,105090.0,115.0,6.1,24.0,5511760.228885166
0.0,5.513522,51.0,86.0,4.3,15.0,2051792.3909447612
6000000.0,7.96433,3283371.0,99.0,6.8,30.0,11699217.512736967
1100000.0,0.838095,400200.0,117.0,6.4,10.0,7023741.436946683
0.0,8.260823,11576431.0,94.0,7.0,39.0,4729223.263924604
25000000.0,6.275468,20796847.0,93.0,6.5,673.0,78035771.05471888
30000000.0,13.194168,611899420.0,127.0,6.9,888.0,98388989.85592358
26000000.0,12.59201,28818995.0,100.0,5.2,145.0,41766229.69756031
25000000.0,13.083718,30411183.0,108.0,6.3,844.0,88117932.40139471
17000000.0,11.454835,129042871.0,97.0,6.9,2401.0,182686785.64404193
800000.0,7.137026,62852.0,94.0,7.3,24.0,5194252.210005647
0.0,0.499984,304852.0,84.0,7.0,5.0,4206786.008621037
0.0,4.459959,11567449.0,136.0,6.3,40.0,7485553.508393044
0.0,12.140407000000002,8022000.0,108.0,6.2,39.0,3840250.0086528817
500000.0,4.368765,2500000.0,106.0,7.5,65.0,9037555.658989511
0.0,7.438381,14715067.0,106.0,6.3,97.0,9025825.1596382
12000000.0,4.179487,2280148.0,101.0,7.0,38.0,20883054.55601171
4638783.0,5.781236,11000000.0,106.0,7.2,67.0,13679091.750651605
0.0,5.94179,11798616.0,79.0,7.4,209.0,16271118.107518401
8000000.0,5.892277,10600497.0,84.0,7.2,104.0,19204894.959953707
0.0,5.141952,918239.0,92.0,6.1,18.0,3630209.2321061185
4200000.0,10.644165,5835247.0,88.0,6.7,198.0,19381742.66391207
0.0,4.0815470000000005,365248.0,108.0,6.7,13.0,4685049.421618592
400000.0,10.287419,46118097.0,95.0,6.7,567.0,39825827.55400479
12000000.0,8.337242,38120905.0,122.0,6.6,24.0,19528599.631752506
0.0,3.670599,15260000.0,102.0,7.0,62.0,7960209.959327742
37000000.0,7.723341,113086475.0,109.0,6.3,704.0,95060655.42602657
20000000.0,7.180346000000001,305070.0,107.0,6.2,33.0,29347226.539956436
6000000.0,6.839460000000001,119114517.0,122.0,6.9,403.0,38103303.57431492
2700000.0,3.427039,5000000.0,93.0,6.7,56.0,10351016.381704668
26000000.0,10.33012,90574188.0,94.0,6.7,1523.0,135091815.22507894
0.0,0.535028,1221832.0,97.0,4.3,3.0,3195559.2439804813
1200000.0,6.942907000000001,3109904.0,90.0,6.1,71.0,8035556.440610675
15000000.0,7.665431,1914166.0,89.0,5.4,65.0,23924668.063675843
0.0,6.012125,42400000.0,120.0,7.0,106.0,11081941.087540131
30000000.0,13.041943,61255921.0,118.0,7.0,154.0,48984394.88057516
900000.0,2.738268,10000000.0,72.0,6.1,22.0,4745270.871655218
0.0,1.949044,2586511.0,84.0,7.7,19.0,5111883.855795037
17311.0,0.680407,137365.0,59.0,4.8,11.0,2188783.1110115945
200000.0,1.840758,2200000.0,66.0,5.2,28.0,3767434.4168580873
243000.0,2.000496,950000.0,91.0,6.5,23.0,5334907.217168435
2500000.0,5.499979,3000000.0,125.0,6.8,68.0,11881164.861680163
3500000.0,3.473993,12800000.0,149.0,7.4,46.0,13680717.052814852
15000.0,1.274228,3274.0,90.0,2.8,18.0,2851146.9781242376
280379.0,8.913793,364937.0,90.0,6.1,54.0,5206106.218965501
0.0,3.874603,6000000.0,96.0,6.6,36.0,5660264.514452221
0.0,1.10941,3.0,97.0,5.0,8.0,3749479.368067123
0.0,4.119518,6472990.0,103.0,6.1,19.0,4509797.493443275
0.0,8.378174000000001,13030214.0,107.0,7.0,49.0,5978545.550939938
25000000.0,1.278665,1579260.0,94.0,5.1,12.0,34549513.41127755
3000000.0,8.587231,14182492.0,101.0,6.6,192.0,18657235.731253527
4000000.0,1.456755,259012.0,94.0,6.6,11.0,9493750.157560585
17000000.0,8.237799,4603929.0,107.0,6.4,66.0,27680369.229463514
5000000.0,1.155075,2970.0,97.0,5.0,15.0,10338031.717855811
0.0,3.27076,3200000.0,87.0,4.6,22.0,3374279.325318248
0.0,5.986773,1907743.0,103.0,7.4,118.0,11307761.156220049
0.0,7.9891809999999985,30626182.0,105.0,5.2,83.0,7280995.440663194
0.0,0.491945,116806.0,90.0,5.9,9.0,4156386.7277640533
891000.0,0.179246,229000.0,89.0,6.9,5.0,5573074.874248674
0.0,7.970312,25461.0,145.0,7.4,61.0,8912950.65577769
0.0,5.682405999999999,102471.0,96.0,6.6,17.0,3871926.1031043576
8256269.0,7.474007,460978.0,97.0,6.3,49.0,15508996.081173856
80000000.0,11.202764,55041367.0,130.0,5.8,375.0,125532545.42871538
350000.0,2.96237,3515061.0,85.0,6.7,61.0,7557637.013796851
0.0,7.631049000000001,10000000.0,109.0,5.8,34.0,4625588.61696293
30000000.0,14.471373000000002,216763646.0,132.0,7.7,2519.0,207752729.84064883
116000000.0,9.86738,102000000.0,170.0,7.0,1526.0,249585597.74653676
0.0,6.984903,4678405.0,87.0,6.9,106.0,9188963.712958405
0.0,5.185771,1841260.0,119.0,6.8,97.0,10559903.547319166
0.0,0.284911,1373728.0,95.0,5.7,3.0,3941032.5079928283
0.0,5.655387,86175.0,110.0,4.9,9.0,3073356.836099969
12000000.0,0.074126,212483.0,120.0,0.0,0.0,16574634.84294552
3000000.0,0.129004,6804016.0,94.0,5.0,3.0,7234437.5452048965
0.0,9.426784,13145977.0,113.0,5.9,58.0,5959735.702739049
1500000.0,4.173231,712294.0,111.0,6.5,43.0,8536766.765117466
28000000.0,5.415639,21435321.0,111.0,4.9,33.0,39142131.33812241
0.0,0.625659,527000.0,90.0,3.1,7.0,2447702.5984263495
0.0,1.437622,1718328.0,79.0,7.5,17.0,4778645.329349283
4500000.0,5.69684,3764219.0,117.0,7.3,74.0,14575747.429707993
0.0,0.5620539999999999,38585.0,88.0,5.5,2.0,3354226.0814761613
30000000.0,10.596719,42886719.0,107.0,6.5,329.0,60591855.88478781
0.0,0.902846,42108.0,92.0,4.0,2.0,2622403.2676424943
40000000.0,7.163099000000001,68766121.0,113.0,5.5,696.0,98116385.94600773
1920000.0,2.747776,3360000.0,113.0,6.8,30.0,8850303.198208831
300000.0,1.687901,1750211.0,88.0,6.9,23.0,5572145.783518398
8000000.0,7.422267,23563727.0,116.0,6.9,101.0,19913467.798541684
0.0,4.790012,1928985.0,96.0,5.3,95.0,8629503.194720881
135000000.0,13.89018,76932943.0,121.0,4.9,341.0,189039534.13648656
22000000.0,5.341117,22400154.0,83.0,4.6,232.0,43621239.49431733
0.0,4.966657,331816.0,82.0,5.5,54.0,5285689.711710315
0.0,2.854219,733094.0,122.0,7.7,40.0,8052356.44757523
3000000.0,5.054419,18637690.0,94.0,6.2,241.0,22395387.965993945
35000000.0,8.781298,25224242.0,126.0,6.9,127.0,54856494.21549503
0.0,0.262384,23578.0,80.0,0.0,0.0,-90098.25539507344
4000000.0,15.399863,152925093.0,92.0,6.3,1288.0,90624594.40593185
24000000.0,9.255441,11875866.0,128.0,5.5,57.0,35872494.06835876
40000000.0,9.820229,46442528.0,117.0,6.3,188.0,64016533.669644624
0.0,0.226138,739690.0,110.0,6.0,2.0,4764465.536677472
0.0,0.002354,38.0,96.0,0.0,0.0,740471.6054708445
0.0,0.5258689999999999,62153.0,120.0,9.0,2.0,6797546.94447249
1000000.0,7.398205,13350369.0,103.0,6.9,149.0,13928473.18285222
70000000.0,6.158212000000002,88933562.0,97.0,5.3,309.0,108463829.05652611
60000000.0,7.101422,129181830.0,94.0,5.8,542.0,111638249.09123471
100000000.0,13.473381,202026112.0,90.0,5.9,639.0,165233042.11045545
0.0,9.605509,40442437.0,94.0,5.6,110.0,8322956.384085454
0.0,11.568302,37691644.0,112.0,6.2,219.0,16228602.051838152
169000.0,5.742659,18564702.0,103.0,6.5,165.0,14233675.793290988
4800000.0,12.093928,80578934.0,94.0,5.7,913.0,67244533.98017652
0.0,6.741159,6538177.0,94.0,6.6,222.0,17181100.532159712
0.0,5.244654,42647449.0,118.0,7.2,145.0,13924747.606643401
0.0,9.394353,1117920.0,84.0,6.9,181.0,13371658.570963025
26000000.0,5.450751,17496992.0,108.0,6.0,94.0,41219227.79231507
50000000.0,9.438013,128406887.0,97.0,5.5,407.0,89652190.53107621
30000000.0,5.364459,34742066.0,108.0,6.6,171.0,51628593.052214436
8000000.0,5.052049,18948425.0,112.0,6.7,85.0,19223936.60300194
20000000.0,2.582818,21170563.0,105.0,6.0,33.0,30460140.253129072
45000000.0,13.096692,178262620.0,83.0,5.3,779.0,106572287.44918948
400000.0,1.829593,95687.0,90.0,7.0,20.0,5603021.920403941
0.0,1.489895,634074.0,111.0,6.4,20.0,5872719.8758609
5000000.0,8.466725,26888376.0,97.0,6.9,407.0,35496468.80957684
1000000.0,8.570312,1678874.0,92.0,7.2,59.0,7219794.721180497
1000000.0,6.684925,46243000.0,100.0,6.7,257.0,21102558.784984414
72500000.0,6.936688,162966177.0,116.0,6.2,497.0,125269685.4048697
2160000.0,0.230534,9132000.0,119.0,5.8,4.0,7862174.088801445
55000000.0,20.981716,307077295.0,117.0,7.7,2607.0,241730652.41748333
700000.0,12.155115,4911725.0,107.0,6.5,243.0,18452276.022227313
0.0,4.581576999999999,11449638.0,97.0,4.8,149.0,12072700.554919235
23000000.0,7.06088,38505009.0,93.0,6.2,412.0,57741305.445221744
17500000.0,7.481125,19179969.0,110.0,5.8,173.0,35477388.451094985
0.0,9.794881,57806952.0,105.0,6.7,230.0,17415802.31511677
2000000.0,3.319349,622806.0,96.0,6.3,43.0,8576183.612231538
18000000.0,8.278336,261572744.0,82.0,6.5,1617.0,131474255.17767298
13000000.0,5.169999,1151330.0,110.0,6.4,60.0,23392998.09005956
20000000.0,3.660528,13391174.0,123.0,6.1,12.0,29652706.18252603
100000.0,7.485908,10178331.0,111.0,6.6,64.0,7329298.930229306
0.0,2.048857,19791.0,93.0,6.6,17.0,4771167.725927979
0.0,5.985236,6086508.0,97.0,5.1,162.0,12704421.028382426
24000000.0,11.697604,155721132.0,102.0,6.5,858.0,88050655.78555125
65000000.0,5.401746,43545364.0,124.0,6.7,189.0,96567541.45816264
70000000.0,7.739633,154937680.0,134.0,6.6,292.0,109335935.42655708
0.0,2.454709,10597734.0,93.0,4.7,45.0,5484343.759131432
100000.0,2.7778560000000003,362222.0,83.0,6.5,27.0,4826192.375607632
0.0,1.489294,7778177.0,99.0,6.1,18.0,5007470.389555918
0.0,0.769595,238073.0,180.0,6.9,12.0,9079137.521340601
2000000.0,11.276024,22179430.0,108.0,6.6,132.0,12979155.686171085
0.0,14.764607,69485490.0,102.0,5.8,194.0,12949213.44616851
60000000.0,7.667874,95673607.0,101.0,5.0,434.0,104146444.39503679
5000000.0,3.172765,3833507.0,95.0,6.8,53.0,13194116.042643912
15000000.0,7.050403,10903846.0,116.0,6.6,247.0,38204461.147553526
994000.0,5.230003,165000.0,89.0,6.2,61.0,7612587.302909793
818418.0,4.387586,4851244.0,152.0,7.3,112.0,14629302.038952753
2000000.0,0.717595,30.0,90.0,4.0,4.0,5168131.696731977
20000000.0,10.763622,22217407.0,89.0,6.2,533.0,60901785.76373938
20000000.0,10.027137,22222308.0,124.0,7.1,340.0,50355964.613455944
45000000.0,11.101549,30822861.0,99.0,5.4,173.0,67435573.10384509
0.0,0.003305,5965.0,68.0,0.0,0.0,-582926.4102801727
8000000.0,0.860734,2019009.0,124.0,6.1,17.0,16115795.730330206
9000000.0,2.961621,2955039.0,97.0,6.0,17.0,15409862.296657316
10200000.0,8.916747,35619521.0,93.0,5.6,464.0,44655229.638857074
16000.0,0.892476,1000000.0,66.0,3.5,17.0,2144935.922724399
2000000.0,4.681832,265198.0,87.0,6.0,19.0,5991179.887505349
0.0,7.6960229999999985,29326868.0,85.0,6.0,131.0,10068384.589891389
250000.0,0.003013,340147.0,82.0,5.9,8.0,4158245.0305689173
0.0,3.767872,15543000.0,91.0,5.4,33.0,4595416.299055742
9000000.0,6.7660860000000005,24538513.0,123.0,7.3,241.0,31239370.934291616
0.0,1.170876,240239.0,90.0,7.3,13.0,4997652.359682633
20000000.0,16.205105,121463226.0,113.0,7.0,2152.0,169167941.188584
0.0,7.960831,4778376.0,118.0,7.1,36.0,5803567.883887285
0.0,0.273694,254190.0,97.0,7.3,4.0,4983703.380019508
16500000.0,6.463883,13620075.0,108.0,6.0,242.0,39170940.233461566
15000000.0,11.607678,80253908.0,109.0,5.9,510.0,53768963.03918533
55000000.0,18.079094,70016220.0,122.0,6.9,1210.0,148951191.44706696
2000000.0,1.987795,1431623.0,102.0,7.3,23.0,8452731.583630286
2200000.0,4.102052,11502151.0,157.0,7.2,98.0,15651222.10896767
60000000.0,9.149612,127766650.0,116.0,5.7,414.0,103477638.86907727
16000000.0,11.446274,2849142.0,113.0,6.7,90.0,27587320.29965248
0.0,1.032566,312751.0,98.0,6.9,19.0,5596973.502448767
1000000.0,1.833892,18479.0,87.0,6.0,12.0,5112346.868954159
0.0,7.625655999999998,22136.0,101.0,5.5,14.0,2747187.2582651163
1300000.0,0.044561,639000.0,135.0,5.0,1.0,6976916.284504602
25000000.0,8.200627,77208711.0,158.0,7.9,1581.0,142036125.47716716
15000000.0,8.735448,30226144.0,126.0,6.9,153.0,32073717.128442273
2600000.0,6.093304,28430000.0,165.0,7.7,194.0,22642751.16915533
35000000.0,7.85217,32483410.0,101.0,5.9,241.0,61014959.73729674
30000000.0,6.416753,84646831.0,84.0,3.8,370.0,61962190.07116708
0.0,5.024661,6575282.0,87.0,4.7,70.0,6136117.449046211
0.0,6.733237,33472850.0,91.0,5.4,255.0,18589538.105330046
1000000.0,6.415898,274661.0,106.0,6.6,53.0,7768130.4382257555
0.0,3.5272120000000005,307076.0,106.0,6.6,66.0,8238240.749073185
24000000.0,5.035414,23321954.0,145.0,5.6,62.0,38274047.95454061
300000.0,2.290725,3952448.0,88.0,5.2,14.0,3864701.398906895
6000000.0,2.002032,1300000.0,138.0,7.2,23.0,15001806.561596174
25000000.0,7.720728999999999,17741298.0,107.0,5.7,200.0,46217799.011529885
30000000.0,10.901355,63833449.0,99.0,5.8,205.0,51451308.284310944
3500000.0,1.787297,7700000.0,90.0,4.1,33.0,8695662.64838592
0.0,3.691443,834457.0,99.0,6.0,51.0,6528173.436422324
0.0,0.964027,81368.0,88.0,6.8,12.0,4621140.273262285
0.0,0.91505,25.0,152.0,8.1,11.0,8306039.470422747
0.0,6.108182,307811.0,105.0,7.0,41.0,5999477.22640584
6000000.0,5.598338,2899975.0,99.0,6.2,95.0,16393914.506535783
11000000.0,7.250134,53191886.0,106.0,6.7,638.0,58966323.480171494
0.0,3.376907,367638.0,111.0,6.5,45.0,7058561.816989347
0.0,0.109565,108282.0,125.0,7.3,3.0,6286988.107503271
65000000.0,8.579638000000001,128107642.0,98.0,6.5,1084.0,154161522.07422787
700000.0,2.819298,31576.0,77.0,5.9,36.0,5539312.887725828
7000000.0,10.36168,6230276.0,94.0,4.8,48.0,12108763.671972647
79000.0,2.066141,245000.0,85.0,6.0,35.0,5359351.674252994
0.0,6.478953,1752038.0,90.0,6.2,25.0,3675576.632150973
24000000.0,6.449332,42105111.0,102.0,6.1,734.0,81043682.83522566
11000000.0,6.390463,38105395.0,114.0,7.4,159.0,27947206.86093394
28000000.0,7.646215,92380927.0,99.0,6.4,575.0,74999234.30852422
0.0,1.081517,87600000.0,40.0,5.4,5.0,1082895.806066689
0.0,10.940451,28814580.0,128.0,6.9,179.0,14874174.685222305
500000.0,5.329195,33456317.0,122.0,7.0,100.0,11584286.426502593
0.0,3.936673,1107542.0,110.0,7.1,43.0,7046490.229304491
55000000.0,21.708267000000006,168167691.0,123.0,7.5,2092.0,207261569.0581701
70000000.0,9.756289,225990978.0,104.0,6.4,1869.0,212674486.01526353
6000000.0,2.023166,69497.0,85.0,4.7,25.0,11252983.564216854
30000000.0,8.33501,114663461.0,89.0,5.9,884.0,97169202.3313362
0.0,8.175019,69932387.0,130.0,7.7,202.0,17737877.324293274
7275000.0,7.728333,11260366.0,110.0,7.5,166.0,23328291.10423171
19000000.0,4.249948000000002,23550000.0,130.0,6.5,79.0,33287276.25631082
19000000.0,14.20229,91379051.0,97.0,5.7,566.0,61000024.901978604
41000000.0,12.929653,91636986.0,105.0,6.5,531.0,86829289.34328249
0.0,0.004706,82.0,87.0,0.0,0.0,314507.4045280316
9500000.0,6.77887,17164377.0,107.0,6.4,748.0,64498859.281020775
20000000.0,11.362762,136267476.0,102.0,6.1,1388.0,118457839.89173138
0.0,3.968853,6132924.0,107.0,6.1,10.0,4140209.32009535
60000000.0,11.328316,31720158.0,109.0,6.6,237.0,91181748.86285001
20000000.0,6.312206,18599102.0,90.0,6.0,194.0,39447881.108520985
0.0,1.09014,278720.0,123.0,5.7,7.0,5300915.378356192
3000000.0,1.017103,1449945.0,80.0,4.0,12.0,6371404.417221611
30000000.0,6.793972,95714875.0,109.0,7.1,614.0,81161219.50997676
0.0,0.631613,18928.0,100.0,5.5,2.0,3901351.3662092285
0.0,0.8252200000000001,2012927.0,84.0,5.2,10.0,3460078.547985035
0.0,1.318752,17883410.0,89.0,5.2,12.0,3688681.9301051293
15000000.0,9.747452,6405245.0,89.0,5.0,102.0,25582600.6013241
15000000.0,7.490807000000001,39421467.0,105.0,5.1,273.0,38473732.9959969
8000000.0,11.23915,10848783.0,92.0,5.7,192.0,23111843.69828383
20000000.0,6.032166,17436509.0,120.0,7.0,168.0,39756098.97840012
0.0,12.492389,1162422.0,92.0,7.9,241.0,17422724.862358145
15000000.0,14.511442,16633035.0,111.0,6.7,366.0,43842249.70658309
15000000.0,9.288013,40105542.0,99.0,4.7,302.0,39394829.729797855
0.0,1.484109,138000.0,158.0,6.6,17.0,8004508.453819258
0.0,0.882065,1247946.0,116.0,6.5,6.0,5401925.993726753
40000000.0,5.308718,19258519.0,111.0,5.4,71.0,56708596.044986375
0.0,11.219086,12032983.0,97.0,5.2,272.0,18614796.18767758
10000000.0,8.293548,47536959.0,110.0,6.9,426.0,43564389.087307744
29000000.0,12.753109,309208309.0,129.0,7.2,1626.0,146893035.15952933
58000000.0,7.323405,85280250.0,103.0,5.1,281.0,91710974.01400454
15000.0,0.993784,5300.0,84.0,6.0,6.0,3601774.496077967
4700000.0,2.925476,31000000.0,166.0,6.7,24.0,14258095.476464815
4000000.0,1.801071,14400000.0,105.0,6.4,23.0,10607504.794419436
26000000.0,13.795875,67918658.0,100.0,5.2,643.0,74719339.5237164
0.0,0.765825,6029824.0,90.0,3.4,5.0,2438459.225234147
31000000.0,6.523155,15134293.0,105.0,6.0,93.0,46836949.99287763
0.0,1.199003,887029.0,105.0,7.2,17.0,5910984.925296169
0.0,1.60034,1102469.0,110.0,5.7,10.0,4741026.178479016
0.0,10.245682,3065860.0,93.0,5.9,586.0,40083952.693797365
14000000.0,8.204894,21409028.0,103.0,5.7,40.0,21698011.308399953
40000000.0,6.715263,136000000.0,110.0,5.6,878.0,110326961.0269913
55000000.0,8.443736,152263880.0,97.0,5.9,1148.0,145836002.63249093
5500000.0,1.822979,801000.0,95.0,5.6,33.0,12198353.074643612
0.0,0.908184,80.0,86.0,7.4,22.0,5540546.847959625
21000000.0,10.863441,49050886.0,92.0,5.5,248.0,42801414.47198642
0.0,17.713581,110197.0,94.0,6.9,346.0,22493234.785133876
0.0,2.850417,2052466.0,106.0,6.4,37.0,6383339.640136708
40000000.0,7.33335,90029656.0,109.0,5.9,626.0,93417668.74015206
0.0,1.165679,115605.0,96.0,6.9,15.0,5196873.970462494
2000000.0,7.27941,13831503.0,100.0,6.8,575.0,43476426.252570614
80000000.0,23.981251,271430189.0,102.0,6.0,1746.0,212328003.8205192
69000000.0,11.623717999999998,86387857.0,114.0,5.5,542.0,122163532.05353703
44000000.0,6.273130999999999,48190704.0,99.0,6.8,589.0,96175721.18775262
823258.0,4.584117,823258.0,105.0,6.1,43.0,7085828.873092024
1000000.0,0.0751759999999999,57.0,106.0,0.0,0.0,2418871.258732519
40000000.0,16.972995,224920315.0,120.0,7.1,3492.0,283465035.6857288
8000000.0,15.138144,74952305.0,92.0,6.7,2282.0,162288273.21086445
60000000.0,15.904834,204594016.0,133.0,5.8,655.0,118514586.36735451
30000.0,5.416588,617000.0,84.0,6.8,68.0,6937628.4739331845
3800000.0,2.894924,111731.0,84.0,5.9,18.0,8447711.218227979
35000000.0,7.681383,60251371.0,123.0,6.8,103.0,53370250.46944029
30000.0,5.174738,3045943.0,87.0,6.5,201.0,15876883.953389067
22000000.0,11.275132,9479718.0,105.0,5.2,195.0,40816086.70030233
2000000.0,10.30535,7871522.0,109.0,7.7,287.0,24272029.743941005
12500000.0,11.024462,6732980.0,107.0,7.0,195.0,30316434.814191185
25000000.0,14.141837,93617009.0,116.0,7.2,1512.0,133351548.98692471
10000000.0,7.676017,66821036.0,100.0,4.7,516.0,48079112.71800356
27000000.0,4.983475,16504936.0,103.0,6.2,195.0,49206519.72101481
15000000.0,5.858803,4882577.0,104.0,6.4,218.0,35929996.9102595
5000000.0,7.007992999999999,5129058.0,91.0,6.8,167.0,19528749.52130995
112000000.0,7.565799,237382724.0,85.0,4.9,633.0,180459915.29741922
11000000.0,0.8688040000000001,15500000.0,80.0,4.0,15.0,16428227.700370487
0.0,1.37038,3500000.0,103.0,6.9,14.0,5402145.417380553
0.0,0.8270350000000001,58.0,83.0,6.8,15.0,4624706.258795816
0.0,2.706614,349899.0,139.0,6.9,48.0,8993836.722979303
0.0,2.409076,338987.0,94.0,7.6,37.0,6601292.789144732
0.0,6.182802,42145.0,110.0,6.5,141.0,12626318.042705145
13000000.0,0.000657,24441725.0,118.0,0.0,0.0,17727892.787706155
0.0,2.216959,37000000.0,134.0,7.0,22.0,7214279.274842748
0.0,4.84886,6861102.0,87.0,5.9,135.0,11191174.134335935
36000000.0,9.13273,83160734.0,105.0,5.4,627.0,87598721.03002281
10400000.0,3.106814,20967660.0,120.0,7.0,38.0,20125459.498931795
0.0,12.653798,80768.0,114.0,7.4,265.0,19746402.253356587
10000000.0,1.192891,9069.0,85.0,7.0,5.0,16322705.72032309
15000000.0,3.931527,21500000.0,102.0,5.3,33.0,23414221.17565259
0.0,5.899325,1611000.0,103.0,6.1,105.0,9750145.681689842
0.0,0.514257,48132.0,87.0,6.7,6.0,4246682.862296005
0.0,0.1678329999999999,21878.0,127.0,7.3,3.0,6364803.401443943
4000000.0,6.700081,65584679.0,102.0,6.6,395.0,34045160.592185825
0.0,0.03856,28.0,95.0,8.0,1.0,5140131.503908044
2500000.0,0.46335,71904.0,100.0,7.1,7.0,8228756.0446473025
80000000.0,21.893532,254455986.0,102.0,6.2,3836.0,352780573.1616204
2000000.0,2.235068,563706.0,120.0,4.6,19.0,7483247.055746039
30000000.0,6.212898,102000000.0,98.0,6.0,131.0,47909150.86465857
0.0,0.047875,1131688.0,92.0,5.0,1.0,3349290.3771000784
20000000.0,7.310686,216197492.0,92.0,5.4,1634.0,135210462.26170164
49900000.0,5.67375,26121638.0,102.0,5.2,511.0,97633406.94763894
0.0,1.373641,429766.0,88.0,7.1,20.0,5203335.383734839
0.0,1.686871,223959.0,89.0,6.2,39.0,5937333.560262501
0.0,1.185288,10967.0,79.0,5.2,18.0,3655555.1807931475
0.0,3.58087,12000000.0,93.0,5.4,60.0,6548815.057009956
9000000.0,1.818296,771499.0,130.0,4.8,14.0,16437666.744517282
3837625.0,0.7496649999999999,3867000.0,103.0,6.3,15.0,10025245.16965163
52000000.0,6.906145,75450437.0,112.0,5.9,753.0,116894106.23979115
19000000.0,10.724679,35387212.0,108.0,6.0,335.0,47235329.49421997
7000000.0,5.886972,382946.0,106.0,6.7,218.0,26367330.964208815
3000000.0,2.444847,103735.0,93.0,6.7,36.0,9663158.353439324
8000000.0,6.167646,10130000.0,104.0,5.7,139.0,21588109.39347629
0.0,5.747681,88025781.0,97.0,6.2,341.0,25344726.973815847
0.0,0.904932,282448.0,125.0,5.7,12.0,5782803.515377143
10000000.0,3.0337970000000003,1759252.0,98.0,7.0,54.0,19685908.55180772
50000000.0,15.785663,110206216.0,133.0,7.0,1409.0,157355177.18657964
12500000.0,6.82647,75993061.0,101.0,6.5,924.0,79704703.04908393
4000000.0,13.504065,253899.0,105.0,7.3,42.0,9018947.510677334
0.0,2.564695,386749.0,89.0,7.7,15.0,4904319.467334947
0.0,2.114833,63931.0,100.0,6.1,29.0,5611007.42755192
14000000.0,5.1135730000000015,46495.0,149.0,6.1,86.0,28052616.780652232
5000000.0,10.996308,205703818.0,83.0,5.9,685.0,52149430.68624869
0.0,8.98296,20374201.0,127.0,7.9,292.0,23492114.40492559
6500000.0,11.72049,17693675.0,100.0,7.0,897.0,69364099.22379598
79000000.0,6.620033,149673788.0,91.0,4.0,619.0,139102691.00825715
0.0,0.07821,90425.0,95.0,9.0,2.0,5744438.317311194
6400000.0,12.203066,35057696.0,99.0,6.6,418.0,36808785.864141606
25000000.0,13.105682,34942188.0,81.0,5.4,330.0,51974015.335911766
40000000.0,7.82605,55247881.0,129.0,6.9,726.0,101456752.14307618
0.0,0.216307,29110.0,103.0,7.5,4.0,5393432.1506242845
0.0,0.535931,11000.0,88.0,7.3,3.0,4416419.122949207
0.0,4.842323,19300000.0,153.0,6.8,69.0,10392775.679689096
5000000.0,2.025505,22772019.0,89.0,6.1,16.0,10381166.021176768
250000.0,4.2976540000000005,1000000.0,62.0,8.1,80.0,8004286.027314406
850000.0,10.378756,1243961.0,85.0,5.8,111.0,8895466.723227307
2000000.0,0.74156,393816.0,207.0,6.8,13.0,12828460.11512904
5650000.0,5.24461,43000000.0,123.0,6.4,103.0,17844681.647877287
0.0,1.604527,5355847.0,107.0,6.8,35.0,6873333.53238433
1000000.0,7.666558,34522221.0,129.0,6.8,77.0,10211156.00129208
41000000.0,10.267905,7448385.0,100.0,5.6,252.0,68206768.14783293
0.0,3.089226,664747.0,90.0,7.0,46.0,6489902.699437099
12000000.0,5.23198,11212294.0,131.0,6.3,59.0,23019122.852873478
0.0,7.7894130000000015,2550508.0,82.0,7.8,239.0,18108966.690131057
5000000.0,6.753328,34564651.0,107.0,6.3,325.0,30647811.266777277
0.0,4.179476999999999,72689.0,97.0,7.3,343.0,26531424.769511677
50000000.0,8.10609,234989584.0,113.0,6.1,1641.0,173628676.53430456
30000000.0,13.371056,54819301.0,92.0,4.9,143.0,45773503.443927705
30000000.0,12.84554,53909751.0,124.0,5.7,466.0,69472153.94689867
6600000.0,2.664211,37710610.0,112.0,6.0,57.0,15934302.692990426
65000000.0,7.446085000000001,179379533.0,83.0,5.9,1789.0,200586939.9311549
0.0,0.395813,76398.0,101.0,4.8,3.0,3698863.5115246344
35000000.0,9.295078,24159934.0,98.0,5.3,402.0,70895544.90915
16000000.0,14.906621,12434778.0,114.0,6.6,206.0,34344475.58234594
0.0,0.816803,330048.0,95.0,4.5,3.0,3130082.855066645
68000000.0,13.276971,68267862.0,98.0,5.3,899.0,143467591.31157833
0.0,4.494016,540152.0,102.0,5.8,73.0,7801237.254139176
0.0,7.581463,104907746.0,85.0,5.6,594.0,40839477.617676236
0.0,3.589099,714544.0,100.0,7.1,75.0,8813156.177792432
70000000.0,8.923755,58058367.0,116.0,5.5,460.0,118775487.94294363
0.0,2.643111,181107.0,91.0,7.1,32.0,5783759.832010636
0.0,4.2964410000000015,252603.0,87.0,4.8,55.0,5396679.174983038
32000000.0,8.074218,28258060.0,137.0,7.0,720.0,91603642.29587205
250000.0,0.386717,23859.0,97.0,5.5,3.0,4203293.194172121
12500000.0,5.526878,1353868.0,107.0,5.4,244.0,34289708.40823849
2500000.0,1.221216,33400000.0,87.0,4.6,19.0,6827674.89399983
0.0,6.328119,288312.0,106.0,6.8,28.0,5004734.280934179
0.0,3.705199,24995.0,83.0,5.0,25.0,3480907.0618005544
0.0,8.328357,175706.0,90.0,5.8,154.0,11551594.018649546
0.0,5.335003,10158000.0,80.0,4.9,360.0,25216594.544053737
0.0,1.112376,3777141.0,112.0,5.2,12.0,4834661.408102741
5000000.0,6.188286,142817992.0,95.0,5.2,574.0,46287965.12881786
0.0,13.409588,73100172.0,105.0,6.0,598.0,40601795.38360651
500000.0,4.8938120000000005,376597.0,85.0,6.3,88.0,8774083.045942444
0.0,4.822464,44852.0,88.0,5.1,68.0,6327095.225092815
17000000.0,0.963345,946461.0,105.0,5.3,1.0,24720168.16663398
31000000.0,10.973822,161772375.0,138.0,6.5,2449.0,204926009.3827984
0.0,2.401289,5310554.0,121.0,5.8,41.0,7159003.390805356
0.0,10.841495,23570541.0,98.0,6.3,527.0,36424101.44011076
0.0,2.038062,16157801.0,95.0,7.2,26.0,5799822.584643375
0.0,4.912681,4129250.0,105.0,7.3,71.0,8512531.462059105
13000000.0,5.1384089999999984,1832541.0,95.0,5.6,14.0,19178468.66539364
0.0,8.883705,1328467.0,74.0,7.4,62.0,5363060.358458612
40000000.0,7.479014,41863726.0,95.0,5.4,287.0,69773251.0018184
35000000.0,11.418802,88058786.0,134.0,5.6,909.0,106052690.50893074
20000000.0,2.688548,610792.0,112.0,5.4,32.0,30364484.919873253
5773100.0,4.290276,18144030.0,98.0,6.1,98.0,16588785.166761369
25000000.0,11.746053,119772232.0,104.0,5.8,212.0,45780029.773724474
0.0,2.92387,7732325.0,40.0,7.2,20.0,2545862.6986613777
0.0,2.24163,273747.0,119.0,6.8,33.0,7124131.542128373
2840000.0,3.611437000000001,11620000.0,133.0,7.3,68.0,13491750.200584933
0.0,0.186225,18.0,88.0,6.0,5.0,3936892.3376380764
12000000.0,11.52128,2521.0,90.0,5.2,69.0,19344767.731285993
0.0,0.307601,26042.0,90.0,5.4,4.0,3600482.033573658
3550000.0,2.7002330000000003,48000000.0,124.0,8.0,56.0,13780288.295330118
6000000.0,10.895427,32438988.0,90.0,4.5,816.0,61726624.677446775
0.0,2.711041,2802459.0,118.0,6.9,45.0,7799633.777300492
0.0,1.346317,8326.0,89.0,5.8,16.0,4277520.332487177
0.0,0.182227,14056.0,96.0,4.7,3.0,3468902.7870568996
0.0,5.839324,21660.0,123.0,4.7,175.0,14624545.231167857
13000000.0,11.29356,48065672.0,93.0,5.7,748.0,66453197.70328389
28000000.0,7.598422,97594140.0,115.0,6.9,840.0,93762223.35445262
0.0,4.02059,34664.0,82.0,7.0,123.0,10993521.012422225
10000000.0,6.651567,1034589.0,99.0,5.5,120.0,22286464.072744045
30000000.0,9.385769,27437881.0,100.0,5.3,732.0,86895429.82078032
5000000.0,6.757549000000001,11724119.0,90.0,5.8,219.0,22481344.955857895
0.0,3.097025,228.0,84.0,3.6,31.0,3335259.002093754
17000000.0,12.01525,97542952.0,91.0,6.4,1754.0,138707625.37816685
40000000.0,11.637224,95020213.0,128.0,6.8,795.0,104876303.43231425
20000000.0,14.27281,78378744.0,86.0,4.6,813.0,77598337.12212779
1200000.0,1.472463,2861020.0,114.0,6.3,25.0,7770976.501210626
10000000.0,7.881578999999999,21587700.0,130.0,7.0,1080.0,88411105.82039444
2500000.0,5.465669999999999,3003.0,102.0,4.4,91.0,11024874.163260309
58000000.0,0.393865,44000000.0,119.0,6.1,1691.0,189278661.2842546
103000000.0,25.085639,362000072.0,100.0,6.0,2991.0,323376645.1883236
10000000.0,6.3835120000000005,1585582.0,92.0,6.0,234.0,29929318.58804731
35000000.0,6.651605,21819348.0,90.0,5.7,421.0,72764786.55093655
0.0,8.469808,602042.0,127.0,6.2,58.0,7060111.231068948
6000000.0,8.535611,1066471.0,93.0,7.4,149.0,19538056.015974134
0.0,1.6780130000000002,311.0,145.0,5.3,14.0,6420612.6950864345
0.0,0.517199,40836.0,92.0,5.5,2.0,3556094.8926758543
0.0,13.305596,17385830.0,85.0,7.3,397.0,26960382.851800315
4000000.0,10.130541,9800000.0,90.0,6.5,184.0,18332210.95393483
80000000.0,9.411725,246984278.0,100.0,5.8,1180.0,178453144.71495873
0.0,5.495138,2063312.0,83.0,7.9,456.0,33377783.002196103
30000000.0,9.310866,117932401.0,126.0,7.7,720.0,88660271.32947637
0.0,2.976672,35022.0,89.0,5.2,32.0,4550960.588913145
25000000.0,11.061894,115922175.0,132.0,7.2,1134.0,109715621.84194687
0.0,1.647014,1775316.0,90.0,6.5,30.0,5558876.541619875
0.0,12.34835,1600000.0,96.0,7.9,460.0,32296112.65500225
11000000.0,1.305774,1659542.0,82.0,6.1,12.0,17349441.38050084
18000000.0,5.229975,7972967.0,93.0,6.7,86.0,30609171.220660105
0.0,1.282833,16136.0,98.0,5.9,9.0,4307834.650132509
8500000.0,5.590678,22456509.0,96.0,5.6,87.0,18456951.421579942
100000.0,8.328705000000001,95000.0,86.0,5.5,94.0,7308698.277300203
0.0,4.64874,11384015.0,95.0,6.1,87.0,8526857.392385788
0.0,2.945479,2685453.0,98.0,4.5,10.0,3130028.9528682726
15000000.0,8.000867,151831537.0,92.0,6.0,688.0,65955561.90809207
0.0,0.182717,1300000.0,91.0,0.0,0.0,452525.51848892495
103000.0,5.194433,3623330.0,104.0,6.9,92.0,9695519.489961488
28000000.0,9.157369,134402450.0,105.0,6.4,813.0,90763327.52494031
12000000.0,6.927182000000001,100129872.0,98.0,7.4,588.0,56948518.83638967
17000000.0,6.102021,71625195.0,123.0,6.7,110.0,32154971.607652597
26000000.0,13.548808,51164106.0,105.0,6.2,561.0,70092393.49453343
0.0,3.237965,383294.0,124.0,6.9,50.0,8266515.348609861
5000000.0,1.7402419999999998,388.0,95.0,4.8,14.0,9899249.405151688
1.0,0.230075,2755584.0,73.0,6.0,3.0,3081786.3906571753
50000000.0,7.600751,173649015.0,119.0,6.0,940.0,127130799.69829857
4620000.0,0.546165,2395000.0,115.0,5.0,6.0,10295139.759862056
14000000.0,6.891823,11417362.0,87.0,5.5,139.0,27827856.275957696
40000000.0,11.655588,44907260.0,113.0,6.0,437.0,79786055.3383367
0.0,5.748809,175705.0,88.0,5.5,106.0,8822032.670419632
12000000.0,4.726238,21026290.0,106.0,6.4,270.0,36145730.27445805
0.0,7.074042,19978961.0,121.0,7.6,119.0,12023465.39116205
0.0,1.99353,4037782.0,120.0,7.3,23.0,6848232.870730195
7000000.0,10.591125,36433975.0,89.0,4.4,218.0,22954026.733406663
2000000.0,3.880541000000001,48390.0,91.0,5.5,38.0,7405770.916348718
3500000.0,8.138622,5155325.0,79.0,7.0,234.0,21387309.331382394
7700000.0,4.262544,46000000.0,159.0,7.1,80.0,21188277.40110097
18000000.0,6.108646,20275812.0,111.0,6.7,306.0,45917980.74962359
4000000.0,13.784411,2365467.0,118.0,6.5,346.0,29440393.878740948
0.0,6.437916,15000.0,98.0,6.1,96.0,8757796.580504373
9500000.0,5.8471660000000005,7800000.0,88.0,6.4,335.0,36253336.7541215
22000000.0,6.477291999999999,67800064.0,138.0,5.9,83.0,36645508.87581359
0.0,1.267946,2411145.0,107.0,6.5,9.0,5066671.89423373
0.0,0.31754,99303.0,94.0,6.5,4.0,4390335.744508446
0.0,4.333616999999999,2340.0,89.0,6.5,52.0,6212911.904919641
25000000.0,5.596449,28831145.0,109.0,6.5,309.0,54648072.39259922
5000000.0,8.698042999999998,44030246.0,104.0,6.3,1079.0,80363957.33298014
17000000.0,6.097499,29789000.0,113.0,5.9,242.0,40070659.785262965
0.0,9.596119,2681345.0,90.0,5.9,219.0,15589389.29202808
12000000.0,7.8837100000000015,101332962.0,99.0,6.1,234.0,32338612.680483423
18000000.0,11.90575,268157400.0,96.0,6.2,2773.0,208226116.90647414
10900000.0,13.454169,16505460.0,105.0,7.2,230.0,30013052.71972014
0.0,7.093984,9500000.0,96.0,6.4,15.0,3224024.050257164
5000000.0,6.127301999999999,10429707.0,98.0,5.5,122.0,16389546.608619709
15000000.0,7.844705,59209.0,95.0,5.8,561.0,57540642.44816134
11000000.0,8.720309,45967935.0,114.0,7.2,1203.0,96975426.76070876
40000000.0,10.395472,123494610.0,117.0,6.6,1028.0,120181694.88590959
0.0,0.6354920000000001,44.0,76.0,6.2,15.0,4019519.796586396
0.0,0.8290000000000001,14000.0,80.0,6.9,11.0,4269806.200497186
25000000.0,9.453942,38307627.0,124.0,6.6,264.0,51297748.5651029
12700000.0,15.108282999999998,3430018.0,112.0,6.7,109.0,23713143.199789368
3512454.0,0.110065,115860.0,95.0,7.0,20.0,10150039.843270907
500000.0,1.946823,500000.0,87.0,3.8,20.0,3794174.567232861
6000000.0,7.217205,5809330.0,111.0,7.4,201.0,24243258.77046699
4141459.0,5.109329,201607.0,87.0,5.6,103.0,13892680.919785012
4000000.0,6.4305910000000015,44349000.0,164.0,7.5,2008.0,145396869.0229629
0.0,7.035082000000001,1503616.0,83.0,7.8,112.0,9880673.171525737
20000000.0,7.359522,100525432.0,97.0,5.0,508.0,59924939.32532611
3300000.0,64.29999000000001,13092000.0,105.0,8.3,4376.0,283942447.82233644
40000000.0,27.470696000000004,126069509.0,97.0,5.2,1733.0,160715016.96857494
0.0,1.409435,270210.0,87.0,6.1,5.0,3594070.7466009613
17000000.0,15.962793,136621271.0,104.0,6.4,1234.0,103421958.32822606
0.0,1.073743,70.0,85.0,6.0,5.0,3540856.6179629145
15.0,6.792607,122.0,110.0,6.2,30.0,4865140.8432051875
11000000.0,9.659244,78874843.0,106.0,7.3,1415.0,110558326.60515699
6500000.0,9.312354,13865435.0,89.0,4.6,365.0,32645725.884660088
1000000.0,6.107378,9318.0,87.0,5.4,261.0,20207726.698927507
0.0,4.18526,169976.0,88.0,5.7,67.0,6772071.298845667
0.0,9.44394,5284309.0,90.0,6.7,294.0,21086791.96325593
0.0,0.732748,56386.0,90.0,6.8,11.0,4715046.763959752
0.0,3.282214,88000000.0,112.0,6.7,62.0,8379385.491280695
1000000.0,11.153327,59744.0,117.0,6.7,395.0,29852856.860307455
0.0,11.576578,1289998.0,95.0,6.7,179.0,13022766.902016997
0.0,0.6090800000000001,11000000.0,99.0,7.5,4.0,5091885.475228485
6500000.0,23.242452,255273813.0,99.0,5.5,1588.0,111395286.7370121
0.0,2.171427,1738897.0,95.0,4.4,34.0,4759873.281000782
50000000.0,17.887943,83719388.0,141.0,7.2,1433.0,158845397.9309289
0.0,6.266831,985007.0,119.0,6.2,106.0,10522671.419894597
13000000.0,13.655752,54837234.0,102.0,7.1,770.0,68441045.23405017
0.0,0.689004,235432.0,80.0,5.0,11.0,3267189.1312548667
0.0,6.800456,11486.0,104.0,7.3,247.0,19692406.074200504
0.0,2.345336,8533973.0,91.0,4.8,14.0,3403282.254103101
40000000.0,15.402597,169837010.0,110.0,5.4,1140.0,125246528.04160798
15000000.0,6.617708,30127963.0,115.0,6.3,134.0,30560958.419474907
42000000.0,20.903362,107670357.0,108.0,6.1,1575.0,155499273.95744923
9000000.0,10.763583,21571189.0,121.0,6.5,119.0,21403199.05443551
5000000.0,8.823253,43884652.0,99.0,7.5,1126.0,83892959.79408209
61000000.0,41.225769,311256926.0,132.0,6.5,3148.0,279514476.1287172
0.0,13.517632,3302463.0,104.0,5.5,57.0,4076040.275261814
400000.0,0.99099,7888102.0,96.0,5.7,10.0,4744728.321770899
4900000.0,14.876086,3494070.0,138.0,8.2,734.0,58052763.829816245
15000000.0,11.209154,52501541.0,115.0,7.0,961.0,84925780.79982127
0.0,0.004425,2390525.0,95.0,4.8,3.0,3527468.545547872
0.0,1.773828,10743767.0,108.0,4.1,42.0,5858359.929631561
0.0,0.32926,92100.0,90.0,4.6,4.0,3155234.384999929
7500000.0,5.6368550000000015,1359910.0,101.0,6.4,90.0,18092908.873267066
0.0,0.037986,15504.0,123.0,0.0,1.0,2072997.65895247
0.0,0.661399,2483130.0,0.0,4.1,10.0,-1066046.9857095755
3000000.0,5.317284,1675381.0,100.0,4.6,59.0,9556365.715148045
0.0,3.191386,7205.0,111.0,6.8,31.0,6340265.362158751
0.0,2.150786,14944.0,98.0,5.8,13.0,4271741.356238693
0.0,4.572751,25781.0,92.0,6.1,16.0,3659557.29939775
178000000.0,28.712522,543934787.0,144.0,6.4,4831.0,539668942.088612
0.0,0.4813939999999999,3370574.0,82.0,4.6,7.0,2934202.8532854104
27563396.0,7.847574000000002,29193330.0,148.0,6.2,85.0,43848557.33524977
7000000.0,10.197503,2360281.0,102.0,6.2,371.0,34899065.38842605
0.0,0.118135,12000.0,92.0,6.0,1.0,3877963.998273446
0.0,1.316519,1400000.0,73.0,3.8,3.0,1563154.40622521
0.0,0.793589,3367646.0,90.0,5.4,5.0,3528110.8532559453
0.0,0.044048,928391.0,85.0,2.0,1.0,1373196.4724387303
0.0,2.76283,33621.0,100.0,4.8,6.0,3174053.481470108
0.0,2.789838,31309.0,96.0,4.1,44.0,5133948.099634424
0.0,9.201378,3002884.0,106.0,7.3,210.0,16625106.425357722
0.0,6.054981,130541.0,108.0,5.9,137.0,11971693.83080653
0.0,8.844452,3214116.0,100.0,6.2,309.0,22459639.775167976
0.0,2.408677,411115.0,103.0,7.6,55.0,8230240.167307697
8000000.0,6.60913,1411927.0,112.0,6.8,240.0,29196556.057977654
0.0,4.220318,60765.0,112.0,6.5,111.0,11277170.53763929
0.0,3.967229,104507.0,105.0,5.2,66.0,7296598.033485513
0.0,2.9972220000000003,7211180.0,96.0,6.3,29.0,5278947.26902999
14000000.0,14.443362,10076790.0,108.0,6.4,500.0,51288338.800730586
1000000.0,0.815844,3000000.0,91.0,4.2,5.0,4137143.9236676237
1816720.0,3.782108,4541800.0,90.0,6.0,142.0,14390088.200977094
0.0,0.524215,472370.0,95.0,6.9,13.0,5199670.769599814
23000000.0,12.21459,79799880.0,101.0,6.5,632.0,71517420.25210918
0.0,2.003868,8646157.0,91.0,5.2,22.0,4255541.268033139
4000000.0,10.200398,52425855.0,91.0,4.1,1034.0,73876285.59776554
0.0,6.645078,4250507.0,95.0,6.3,259.0,19565190.050885007
14000000.0,6.575392999999999,12314651.0,93.0,5.0,360.0,42704468.21676967
0.0,2.4697720000000003,1469.0,93.0,4.7,36.0,4878256.883405501
0.0,1.7437509999999998,192400.0,96.0,7.5,36.0,6764672.35877425
0.0,6.894606,45710059.0,128.0,7.4,216.0,18781652.193417538
35000000.0,10.24952,14431253.0,91.0,5.0,322.0,64777598.053421065
4000000.0,5.099557,29456000.0,100.0,6.3,98.0,14386103.214560363
0.0,0.001393,841.0,0.0,7.0,5.0,380254.7409136011
40000000.0,8.178015,111811453.0,100.0,5.9,961.0,115149650.48858106
0.0,0.8898309999999999,4508104.0,80.0,4.1,8.0,2515139.43221883
5000000.0,2.513078,48125.0,94.0,7.2,42.0,12819883.536102146
0.0,4.543451999999999,6921.0,109.0,6.6,50.0,7019037.578536322
500000.0,8.279917,15000000.0,139.0,4.4,27.0,5234314.187835408
8000000.0,0.406505,2439705.0,121.0,4.8,3.0,14454635.398431908
0.0,10.072918,45895.0,95.0,5.5,138.0,10053596.301116304
0.0,3.367592,16661077.0,81.0,6.4,48.0,5789306.176200543
0.0,0.007294,26488.0,82.0,0.0,0.0,77493.52659382578
6000000.0,4.707275,14348529.0,98.0,5.8,217.0,24539771.7546905
10000000.0,4.50333,30283.0,117.0,6.0,30.0,18009198.668918256
0.0,10.001517,5240.0,108.0,6.1,38.0,4331294.259977236
0.0,1.044936,1500000.0,85.0,2.6,9.0,1950633.5687420173
0.0,0.185169,263635.0,111.0,6.7,3.0,5274483.134365415
0.0,1.058404,729043.0,96.0,5.9,15.0,4678805.078401212
0.0,0.383008,5600000.0,98.0,0.0,0.0,725923.9060431784
35000000.0,17.310647,140795793.0,125.0,5.9,1193.0,123093267.73381843
5579750.0,2.2089060000000003,8927600.0,0.0,4.8,54.0,8661531.257824471
6000000.0,6.743182000000001,32251.0,86.0,5.5,87.0,14532540.564631786
30000000.0,14.013413,49263404.0,104.0,6.2,502.0,70873957.7141715
6000000.0,9.383088,1020921.0,92.0,5.9,92.0,14613577.889374752
0.0,5.416273,1301696.0,89.0,6.7,116.0,10291756.51965363
0.0,10.444048,28641776.0,120.0,7.3,246.0,19337731.960508946
0.0,0.138263,1218730.0,90.0,5.0,1.0,3228885.4138122145
5400000.0,2.39989,6500000.0,130.0,6.9,32.0,14210884.657998
0.0,1.784682,7424.0,77.0,6.6,36.0,5361187.820950903
68000000.0,42.061481,217022588.0,115.0,6.2,2524.0,245171292.44070706
31000000.0,11.33038,104384188.0,99.0,6.1,1218.0,120452461.56234425
4000000.0,4.69699,143101.0,97.0,5.2,68.0,11750086.670840101
0.0,4.257785,161820.0,101.0,6.2,56.0,6904504.483259324
0.0,4.907797,149337.0,97.0,3.7,31.0,3485664.761624342
0.0,3.118419,6420.0,82.0,6.1,25.0,4205447.243037718
0.0,0.191219,404075.0,0.0,6.3,2.0,-258882.59567500837
5000000.0,6.976069,12058187.0,116.0,5.6,127.0,17386154.862911537
0.0,0.6348199999999999,869.0,80.0,1.8,2.0,924771.8527288008
6000000.0,5.219214,35000000.0,110.0,5.6,276.0,28795340.93373581
6843500.0,3.800073,10703234.0,0.0,5.5,86.0,12279723.520500135
11000000.0,5.010562999999999,12935800.0,0.0,5.9,96.0,17919930.51871368
0.0,4.709454,9500000.0,100.0,6.1,133.0,11821455.618338658
0.0,1.051148,13983.0,94.0,5.7,9.0,4075433.4417324057
3300000.0,3.436499,45000.0,96.0,4.1,9.0,6656628.980392795
0.0,2.6461900000000003,269144.0,123.0,6.9,55.0,8723120.727539174
0.0,5.7396,126150.0,88.0,5.6,94.0,8077189.524633724
0.0,2.388952,63802.0,103.0,6.0,36.0,6087400.381287862
0.0,1.562425,1296000.0,101.0,5.6,31.0,5675851.259967508
35000000.0,15.651704999999998,194564672.0,121.0,7.1,1926.0,173049030.8065305
10000000.0,17.602928,52882018.0,97.0,5.5,605.0,51483200.04663217
0.0,11.070889,134552.0,86.0,5.8,301.0,20405777.847351696
500000.0,0.086226,845188.0,93.0,7.0,2.0,5163385.907252399
50000.0,0.34064,300000.0,110.0,6.9,6.0,5554373.452605154
0.0,4.419951999999999,124518.0,113.0,7.0,82.0,9602590.710566517
0.0,1.926826,850259.0,0.0,5.7,22.0,251857.092347675
3000000.0,5.384163,67790117.0,120.0,6.9,92.0,13951036.510081142
0.0,5.019486,494506.0,129.0,6.4,134.0,13334516.441489466
0.0,2.1624950000000003,44057737.0,71.0,5.5,28.0,3830827.0398580125
25496629.0,3.81584,40924982.0,120.0,5.3,98.0,41520478.0739685
12560000.0,4.0529910000000005,42700000.0,105.0,6.4,81.0,24341123.5577279
2000000.0,0.570293,696681.0,90.0,5.7,3.0,6076435.032113707
2200000.0,4.385574,31500000.0,125.0,8.0,88.0,13828257.634465016
0.0,2.14431,9127383.0,0.0,5.9,25.0,499899.37578978855
25000000.0,10.516094,52395996.0,101.0,6.1,548.0,68621418.74818598
0.0,4.248105000000001,166775.0,120.0,5.6,56.0,7475831.195276838
20000000.0,8.066726,36606743.0,100.0,6.3,974.0,91735917.45747824
0.0,9.221178,83027924.0,115.0,6.6,286.0,21742186.799857285
0.0,3.534068,52761.0,97.0,6.6,66.0,7810986.160451841
500000.0,0.482527,500000.0,157.0,6.1,6.0,7847664.640018061
0.0,2.43519,1236094.0,103.0,5.7,24.0,5107150.579899179
0.0,8.657935,15730665.0,86.0,7.1,97.0,8170377.894080628
0.0,0.6996680000000001,930349.0,120.0,6.3,4.0,5399712.769967001
0.0,2.969721,1156000.0,95.0,6.8,26.0,5313382.809906211
0.0,9.248388,231737.0,100.0,6.4,486.0,34288510.083508246
3196621.0,6.704659,25513752.0,116.0,6.8,462.0,38309506.166487835
0.0,0.208919,26632.0,109.0,7.6,5.0,5800819.485753566
0.0,2.165608,49667.0,96.0,5.4,17.0,4220918.654927939
5000000.0,4.2066550000000005,26144.0,119.0,7.3,149.0,20725312.021211226
0.0,4.778045,106498.0,93.0,6.2,107.0,9787452.754316038
200000.0,0.560685,486937.0,100.0,7.4,8.0,5610922.310515268
0.0,0.349985,3550000.0,113.0,6.5,2.0,5145148.543104721
0.0,0.082495,264.0,102.0,5.5,2.0,4153181.6269599413
11930000.0,7.956860000000001,18340000.0,118.0,6.9,419.0,45938407.15186181
15000000.0,7.358726,8235661.0,124.0,7.3,507.0,56262830.92163969
0.0,0.407732,671.0,88.0,6.0,3.0,3739704.023820441
99000000.0,12.338346,246233113.0,88.0,6.5,608.0,162493514.18383694
390000.0,0.016219,3.0,148.0,0.0,0.0,3672152.574342626
380000.0,0.043519,520000.0,0.0,8.0,1.0,1115687.6744801672
37000000.0,33.449723,173567581.0,133.0,7.3,1963.0,173554131.19923815
3000000.0,1.14731,5279982.0,99.0,6.3,12.0,8494182.408142947
500000.0,1.6402709999999998,5330000.0,90.0,5.4,21.0,4968712.855249722
0.0,1.590383,149521495.0,117.0,6.5,15.0,5848020.033595014
1500000.0,0.446454,4400000.0,162.0,9.0,2.0,10645064.799688969
224056.0,1.416035,15536328.0,122.0,7.0,29.0,7619586.666449629
1.0,2.240259,1.0,114.0,5.6,10.0,4691829.432430537
1300000.0,0.328342,1550000.0,102.0,6.0,1.0,5885018.556949815
0.0,0.2815,495861.0,0.0,0.0,0.0,-3875933.685528466
50000000.0,10.155109,55969000.0,100.0,4.7,814.0,116362902.81938697
50000000.0,8.009226,242786137.0,96.0,5.8,870.0,121136714.76904164
30000000.0,13.799419,105011053.0,118.0,5.8,593.0,77461885.20960405
3849796.0,0.8521860000000001,7471304.0,115.0,6.3,8.0,10109812.902768724
12000000.0,3.216606,14394097.0,123.0,6.8,49.0,22824254.56001931
6700000.0,1.312833,31000000.0,143.0,5.6,24.0,15483014.6622702
0.0,4.241058,43471.0,118.0,7.9,86.0,10651492.550125087
13500000.0,3.531089,187674.0,129.0,5.2,32.0,22842995.9423294
5000000.0,4.222496,4842699.0,121.0,5.4,40.0,12484437.175220376
20000000.0,8.759801,46069568.0,107.0,5.7,300.0,46472864.280259036
0.0,1.279443,16905.0,100.0,7.1,27.0,6265421.132902838
11500000.0,16.290585999999998,94073028.0,102.0,5.7,1429.0,109140804.53041106
0.0,2.203671,44695.0,73.0,7.7,49.0,6525038.878682144
8500000.0,5.933047,15861566.0,120.0,6.4,181.0,26217180.815852623
10721568.0,1.68625,2978994.0,122.0,7.4,44.0,21642132.83566982
18500000.0,1.7291990000000002,6490401.0,120.0,6.4,30.0,29592371.252416637
0.0,6.117335,24134.0,99.0,5.3,101.0,8792171.96268037
0.0,0.655482,4900000.0,91.0,6.3,10.0,4443172.839882887
0.0,1.37762,8000000.0,116.0,4.5,8.0,4296071.40664298
0.0,0.368092,1612100.0,120.0,6.3,2.0,5360981.713788163
440141.0,0.815203,2640850.0,160.0,6.6,5.0,8028224.916434381
16000000.0,7.528099,73883359.0,117.0,6.8,191.0,35706980.29493023
700000.0,6.021721,200242.0,88.0,5.5,109.0,9803137.064196825
0.0,0.796854,4314688.0,105.0,7.0,12.0,5582121.85560401
400000.0,0.984906,88097.0,100.0,7.2,10.0,5758693.785147181
10000000.0,6.7377970000000005,3400278.0,116.0,6.3,419.0,43496309.60399743
0.0,0.619347,1622164.0,95.0,7.2,14.0,5403920.0055559855
35000000.0,9.914008,108758521.0,91.0,5.6,1490.0,143299552.4700577
0.0,1.714795,7000.0,108.0,7.5,16.0,6002752.333313841
0.0,0.495813,1.0,92.0,4.0,2.0,2739017.4701193236
27000000.0,11.953822,93282604.0,98.0,6.5,1096.0,107381895.54680885
20000000.0,8.468401,55030051.0,112.0,6.2,171.0,38441634.34513857
29000000.0,7.533146,78636257.0,91.0,5.5,441.0,66426681.164980665
500000.0,0.509127,500000.0,157.0,6.0,6.0,7785163.491027214
500000.0,0.493342,500000.0,157.0,6.6,4.0,7985240.685613025
500000.0,0.071908,500000.0,157.0,7.0,2.0,8191774.9729601275
25000000.0,8.309565,48418160.0,118.0,5.8,391.0,59394703.61190058
0.0,0.241287,30292.0,95.0,8.0,3.0,5215777.560528953
200000.0,0.1645849999999999,286000.0,95.0,7.8,4.0,5440199.065385077
3347850.0,2.906503,1248748.0,108.0,6.8,74.0,13262118.625470184
0.0,6.979073,27312.0,107.0,7.3,175.0,14968825.253690507
33000000.0,12.237571,77068246.0,98.0,5.9,901.0,101293249.9375774
0.0,2.523707,23020.0,102.0,5.3,50.0,6553465.524636267
0.0,6.395748,37915971.0,91.0,5.3,86.0,7331419.022663675
0.0,6.005878,252.0,84.0,4.0,102.0,7468706.533120487
0.0,1.991908,1672940.0,104.0,6.4,51.0,7470880.687168267
0.0,0.0004639999999999,591696.0,0.0,0.0,0.0,-3795417.390762985
20000000.0,9.362056,183936074.0,100.0,6.3,1287.0,112293078.23008421
0.0,0.158207,123182.0,88.0,3.7,3.0,2548945.618170146
4000000.0,14.171675,65046687.0,111.0,7.3,1831.0,128729977.8735548
20000000.0,8.483245,25956113.0,133.0,6.9,403.0,55326216.05840999
5000000.0,5.957998,23507567.0,121.0,5.6,73.0,14303474.619831264
3250000.0,1.393391,32788.0,107.0,6.1,8.0,8731181.543103738
2115000.0,0.109913,2039000.0,92.0,7.0,1.0,7023631.518751046
0.0,11.684425,1130466.0,107.0,6.3,65.0,5716964.401569778
0.0,0.011427,3.0,0.0,0.0,0.0,-3798558.2700080425
0.0,2.6569990000000003,1605463.0,100.0,5.8,40.0,6026535.297458207
6500000.0,0.797014,2025032.0,100.0,8.0,6.0,13467093.845703565
6500000.0,0.752508,1325092.0,89.0,7.5,2.0,12418189.981083479
2000000.0,0.079856,1672730.0,120.0,5.0,2.0,7183553.280051893
0.0,3.0691080000000004,93000.0,97.0,6.7,58.0,7464168.769268669
0.0,8.312298,23275.0,94.0,6.6,22.0,3358275.354655415
9000000.0,12.821257,75026965.0,135.0,7.5,1553.0,117906280.7607488
0.0,4.743517,33962.0,90.0,7.4,77.0,8308240.5742093325
2500000.0,1.216497,230069.0,84.0,5.4,14.0,6791988.392522056
45000000.0,8.228918,114501299.0,105.0,5.4,541.0,93147865.51531734
25000000.0,16.816834,230698791.0,127.0,7.8,2178.0,177965328.6032074
24000000.0,11.599716,64414761.0,139.0,6.7,750.0,82715620.77759393
6000000.0,7.873407,6174491.0,116.0,6.7,192.0,23305597.089553855
7000000.0,9.855927,5816211.0,119.0,7.3,213.0,25839505.353401482
0.0,0.924511,302553.0,109.0,5.0,1.0,3901462.0131825274
0.0,0.02158,1334173.0,105.0,5.1,5.0,4293466.3731512865
0.0,1.269717,646714.0,117.0,7.3,2.0,5509707.346039604
38000000.0,14.531429,118034273.0,111.0,6.3,1203.0,127796256.34925018
0.0,5.843804,223003.0,101.0,5.7,14.0,3367445.16043609
10400000.0,8.792104,310000000.0,161.0,8.0,140.0,27802946.595118914
0.0,0.007877,60.0,60.0,0.0,0.0,-962272.1529782289
1500000.0,2.254096,2000000.0,112.0,7.0,27.0,8338435.63115623
25000000.0,24.535733,83080890.0,102.0,4.8,1075.0,99175684.63952693
0.0,8.106953,30911.0,80.0,5.0,106.0,7493991.407436155
0.0,0.176653,77156.0,126.0,0.0,0.0,2108169.7882953156
0.0,3.408264,40000.0,102.0,2.9,54.0,5250368.358284904
0.0,0.410738,500.0,53.0,7.7,3.0,3017900.9336810866
0.0,7.892689,9705840.0,127.0,6.5,29.0,5451054.6229726
0.0,9.732026,923.0,89.0,6.7,89.0,7249987.196654484
0.0,33.536359000000004,5000000.0,93.0,6.1,17.0,-4524344.912295662
0.0,9.09546,222430.0,90.0,6.9,389.0,27648422.39516545
17820000.0,9.482248,14054361.0,94.0,6.2,228.0,38437561.280881725
0.0,0.5180779999999999,314195.0,91.0,4.3,5.0,3050615.4503732314
3500000.0,0.768181,8262833.0,126.0,5.0,13.0,9845451.936194735
7000000.0,16.025910999999997,37461045.0,101.0,7.7,549.0,45906887.36628681
0.0,13.177741,152761.0,108.0,7.6,25.0,3375291.1351353163
0.0,6.549788,3384747.0,97.0,6.7,17.0,3725557.5449353354
916000.0,4.612622,2403885.0,99.0,7.0,20.0,5863966.192069132
6000000.0,0.292296,31000.0,0.0,1.0,1.0,4096948.8272824073
0.0,7.299803,26251899.0,115.0,6.1,85.0,8578695.456213064
64200.0,0.91597,698200.0,94.0,8.6,10.0,5851309.125891939
707503.0,1.681316,4781454.0,90.0,7.2,13.0,5664438.7373285685
2000000.0,0.995285,22212223.0,85.0,4.6,15.0,5917081.7145104315
6500000.0,0.8774770000000001,9816332.0,102.0,3.0,8.0,10928262.37390465
0.0,0.245606,263000.0,75.0,4.0,1.0,1940511.599126176
0.0,1.475321,123899.0,96.0,5.2,11.0,3907743.106095805
0.0,2.968282,214078.0,94.0,5.4,8.0,3294673.714584519
0.0,0.8649129999999999,400134.0,82.0,4.0,3.0,2227589.6444110516
0.0,2.156134,3462.0,90.0,5.4,36.0,5210512.225460997
0.0,0.4421479999999999,21058000.0,88.0,4.0,2.0,2565374.456896739
6000000.0,0.4710859999999999,11171900.0,135.0,5.6,5.0,13217028.831339814
0.0,0.1531809999999999,2403749.0,109.0,7.0,3.0,5353779.563387828
0.0,0.238166,2685000.0,125.0,4.0,4.0,4505957.803889455
2500000.0,0.209434,1477030.0,0.0,5.9,4.0,2716900.066217025
0.0,1.459459,17000000.0,168.0,6.5,12.0,8094917.757651789
0.0,0.519968,393970.0,99.0,8.0,2.0,5258090.421701027
0.0,9.754955,103504.0,98.0,5.4,92.0,7155855.013386004
2000000.0,0.397106,8000000.0,81.0,3.1,7.0,4541328.61394223
0.0,0.504,76000000.0,0.0,6.0,4.0,-379407.70113016944
0.0,0.181963,14353.0,72.0,5.7,3.0,2883673.7844965514
0.0,0.704162,15000000.0,145.0,7.8,14.0,8071626.660732871
0.0,0.058409,0.0,0.0,8.0,1.0,645268.8084817473
0.0,0.074358,0.0,82.0,4.0,1.0,2320355.223735013
0.0,0.260534,0.0,96.0,6.5,2.0,4367449.858904008
0.0,1.277066,0.0,182.0,6.0,13.0,8601197.786273988
0.0,0.8902540000000001,0.0,93.0,6.8,9.0,4677958.070825033
0.0,0.015297,0.0,87.0,0.0,0.0,311473.10259567713
0.0,1.459459,17000000.0,168.0,6.5,12.0,8094917.757651789
0.0,9.743518,0.0,94.0,5.1,6.0,1055213.2563506141
0.0,1.166358,0.0,88.0,5.8,8.0,3746915.899084717
0.0,0.051061,0.0,90.0,7.0,1.0,4351474.588425938
0.0,1.34614,0.0,98.0,7.4,34.0,6784488.87824093
0.0,1.695982,0.0,80.0,7.3,9.0,4107211.6842868747
0.0,0.039924,0.0,91.0,7.0,3.0,4535646.770060645
0.0,9.565297,0.0,98.0,6.2,45.0,4506650.327221732
0.0,0.043028,0.0,0.0,8.0,1.0,649675.4365642276
0.0,0.810999,0.0,113.0,2.5,2.0,2817856.958410168
0.0,0.114241,0.0,100.0,7.0,3.0,4939645.444155032
0.0,0.7982060000000001,0.0,95.0,6.4,7.0,4445590.460932788
0.0,0.206132,0.0,0.0,6.0,3.0,-360932.5532470285
0.0,0.842744,0.0,100.0,5.8,20.0,5209046.327309871
0.0,0.016241,0.0,102.0,0.0,0.0,1020019.9104869608
0.0,0.215726,0.0,48.0,9.5,1.0,3691617.48955168
0.0,0.069994,0.0,97.0,5.0,1.0,3579225.74518227
0.0,0.176743,0.0,25.0,7.4,5.0,1730900.586009303
0.0,0.00353,0.0,5.0,0.0,0.0,-3560023.3733826014
0.0,1.046644,0.0,170.0,8.0,2.0,8462267.094936663
0.0,0.148554,0.0,84.0,4.0,1.0,2393607.1751038274
0.0,1.807007,0.0,87.0,7.7,6.0,4425115.357108861
0.0,0.551124,0.0,103.0,8.0,7.0,5772499.640756546
0.0,0.979311,0.0,73.0,6.0,11.0,3402038.304479111
0.0,0.3810719999999999,0.0,89.0,4.5,2.0,2904528.592878963
0.0,0.036387,0.0,83.0,0.0,0.0,116412.91998841101
0.0,2.116885,0.0,6.0,6.9,47.0,2811083.1170896683
0.0,0.010759,0.0,178.0,0.0,0.0,4612931.288237583
0.0,0.133451,0.0,104.0,5.4,38.0,6585296.913478557
0.0,0.315744,0.0,115.0,0.0,0.0,1548521.1482014945
0.0,2.7136880000000003,0.0,91.0,6.5,22.0,4765623.025249146
0.0,0.698176,0.0,86.0,4.0,1.0,2330650.4558568727
30000.0,0.175255,0.0,94.0,4.5,2.0,3236568.7492413484
0.0,0.4159229999999999,0.0,100.0,0.0,0.0,811002.7876423327
0.0,0.321393,0.0,0.0,6.0,1.0,-527681.584361902
0.0,0.4006679999999999,0.0,98.0,8.6,9.0,6042341.342448097
0.0,1.14009,0.0,80.0,6.2,7.0,3529063.468168675
0.0,2.814809,0.0,111.0,6.8,23.0,5913246.106633332
0.0,0.836101,0.0,117.0,6.5,7.0,5529212.562732043
0.0,0.573122,0.0,102.0,6.0,7.0,4621336.80753053
0.0,0.723834,0.0,97.0,6.1,8.0,4463629.459186505
0.0,8.175019,69932387.0,130.0,7.7,202.0,17737877.324293274
0.0,1.11608,0.0,12.0,7.4,28.0,2385334.1041738754
0.0,6.653942,0.0,118.0,6.5,20.0,4778891.638452891
0.0,0.094595,0.0,96.0,6.0,2.0,4140589.5851381496
463455.0,0.445526,966878.0,84.0,8.0,9.0,5607173.715749333
0.0,0.2525449999999999,0.0,94.0,6.3,6.0,4432923.063220844
0.0,0.626382,0.0,0.0,5.8,15.0,211267.80733083282
0.0,0.589807,0.0,90.0,6.5,14.0,4791948.65330893
0.0,1.296848,0.0,65.0,8.0,21.0,4699269.468072426
0.0,7.160378,0.0,2.0,7.1,148.0,8040086.212694161
0.0,0.1753569999999999,0.0,91.0,6.0,2.0,3881179.000636114
0.0,1.564913,0.0,95.0,5.6,10.0,3987478.3882415826
0.0,0.278459,0.0,110.0,6.5,4.0,5157604.125093764
0.0,0.367016,0.0,98.0,6.8,6.0,4863546.760468395
0.0,0.515775,0.0,80.0,4.0,1.0,2099381.100498845
0.0,0.129893,0.0,60.0,5.0,1.0,1813648.8790536802
0.0,0.341701,0.0,76.0,5.8,4.0,3148670.861117023
0.0,0.44415,0.0,72.0,6.5,4.0,3314463.5622804714
0.0,0.012279,0.0,96.0,0.0,0.0,737628.1113080066
0.0,2.994109,0.0,0.0,6.5,69.0,3527708.607668807
0.0,0.634045,0.0,97.0,5.5,15.0,4628116.439464979
0.0,0.110204,0.0,14.0,8.0,2.0,1358855.89846481
0.0,6.058028,0.0,5.0,6.3,95.0,4514863.8778096745
5000000.0,2.32335,0.0,92.0,5.6,56.0,12837735.292074783
0.0,0.03852,0.0,85.0,7.0,1.0,4118795.1410398
0.0,1.578987,0.0,90.0,5.5,11.0,3759156.9781763023
0.0,0.106273,0.0,92.0,4.0,1.0,2783756.476631755
0.0,0.131027,0.0,78.0,5.5,2.0,3005169.679190874
0.0,0.110588,0.0,0.0,6.7,3.0,50602.71318248287
0.0,12.180836,0.0,115.0,4.9,7.0,1306373.206990946
0.0,1.39876,0.0,86.0,3.7,12.0,2700791.861451977
0.0,0.148739,0.0,98.0,5.0,1.0,3603919.932312549
0.0,0.003786,0.0,51.0,0.0,0.0,-1386390.4463249543
0.0,0.436679,0.0,106.0,4.8,4.0,3990291.3825272676
0.0,0.284122,0.0,0.0,0.0,0.0,-3876684.88368413
10000000.0,0.52082,0.0,118.0,3.4,4.0,16032096.580156256
0.0,2.679641,0.0,88.0,5.2,51.0,5859211.129379384
0.0,0.8475219999999999,0.0,106.0,7.1,6.0,5268559.446792325
0.0,0.5545869999999999,0.0,95.0,4.8,6.0,3570438.6003642892
0.0,2.224085,0.0,100.0,4.5,10.0,3431215.9693265026
0.0,0.940223,0.0,84.0,7.0,2.0,3880067.897142742
0.0,1.045352,0.0,223.0,6.8,11.0,10910332.686556736
0.0,0.607721,0.0,80.0,7.0,1.0,3719447.6854644613
0.0,3.199976,23042200.0,112.0,6.0,28.0,5745425.990730261
0.0,1.256294,0.0,83.0,5.5,10.0,3453963.05369143
0.0,1.088298,0.0,78.0,7.1,7.0,3943315.4954194874
10000000.0,7.676017,66821036.0,100.0,4.7,516.0,48079112.71800356
0.0,0.159445,0.0,105.0,5.7,3.0,4449523.126616687
0.0,0.189855,0.0,4.0,6.5,2.0,40286.72065006057
0.0,0.001669,0.0,69.0,0.0,0.0,-535203.215159657
0.0,1.819461,0.0,87.0,6.0,17.0,4224080.562425525
0.0,0.03537,0.0,0.0,6.0,1.0,-445736.52331026783
0.0,1.080723,0.0,60.0,7.5,11.0,3581880.132028633
0.0,0.945098,0.0,106.0,4.0,1.0,3204997.441926187
0.0,0.289631,0.0,74.0,4.7,3.0,2398533.088344438
1800000.0,1.396593,0.0,84.0,4.8,18.0,5819860.641380401
0.0,0.965179,0.0,91.0,5.3,8.0,3671915.272639822
0.0,0.018059,0.0,0.0,0.0,0.0,-3800458.3257549386
0.0,0.559723,0.0,0.0,4.4,5.0,-1206593.5240744944
1500000.0,6.401828,0.0,90.0,2.8,17.0,3136912.0656805476
0.0,0.4997720000000001,0.0,63.0,6.7,6.0,3116725.16859843
5000000.0,0.462471,0.0,95.0,5.0,3.0,9639590.710525192
0.0,6.268935,0.0,119.0,7.3,14.0,4974311.399153873
0.0,0.062128,0.0,0.0,5.0,1.0,-1002205.6222358006
0.0,1.531309,0.0,72.0,8.1,22.0,5084621.995678529
0.0,0.375634,0.0,74.0,5.0,1.0,2404807.314582141
0.0,2.9267990000000004,0.0,108.0,6.4,60.0,7993825.433576116
0.0,0.356403,0.0,93.0,7.0,1.0,4405758.121997001
0.0,0.019338,0.0,69.0,0.0,0.0,-540265.3510148902
0.0,11.219086,12032983.0,97.0,5.2,272.0,18614796.18767758
0.0,1.130942,0.0,112.0,5.1,16.0,5041915.920404458
0.0,0.5545899999999999,0.0,90.0,6.2,7.0,4169352.9778461475
0.0,11.266569,50504655.0,90.0,7.4,106.0,8378439.257759683
0.0,0.260015,0.0,87.0,4.4,4.0,2923548.9008627255
0.0,1.096974,0.0,88.0,6.2,13.0,4320632.898357826
0.0,1.279431,0.0,122.0,7.7,3.0,6029581.400031801
0.0,0.815083,0.0,180.0,5.4,10.0,8109173.853770683
0.0,0.86016,0.0,90.0,6.0,2.0,3637729.722216486
0.0,0.03765,0.0,108.0,5.0,1.0,4108291.566998964
0.0,3.946603,0.0,76.0,6.1,40.0,4687599.409069097
0.0,1.019346,0.0,56.0,7.5,5.0,3009265.689853619
0.0,0.415139,0.0,82.0,5.0,1.0,2771525.078215671
0.0,2.706614,349899.0,139.0,6.9,48.0,8993836.722979303
0.0,0.091984,0.0,84.0,0.0,0.0,147738.9663510709
0.0,0.570293,0.0,91.0,7.5,11.0,5193006.392409453
0.0,3.3362730000000003,0.0,105.0,5.9,22.0,4919534.562206663
0.0,0.716404,0.0,0.0,3.5,10.0,-1411087.6054015579
0.0,0.127308,0.0,0.0,6.2,3.0,-228589.0266075423
0.0,1.008409,0.0,0.0,3.6,9.0,-1506729.6840487132
0.0,0.418174,0.0,88.0,6.0,1.0,3602985.442544815
0.0,1.872988,0.0,98.0,6.2,16.0,4771441.613883745
0.0,0.452939,0.0,96.0,0.0,0.0,611379.8354595145
0.0,1.689975,0.0,91.0,3.7,8.0,2586177.7875727005
0.0,5.428329,0.0,82.0,4.1,11.0,1509967.5600633537
0.0,0.227199,0.0,85.0,4.8,2.0,2924235.880923653
0.0,0.191765,0.0,78.0,3.5,4.0,2023889.3592509627
0.0,2.095496,0.0,113.0,7.9,24.0,6884383.683719533
0.0,1.642247,0.0,86.0,3.0,25.0,3116096.4880498406
0.0,0.3528159999999999,0.0,11.0,5.5,2.0,-224422.89712847536
0.0,0.110588,0.0,86.0,5.7,3.0,3565685.36813006
0.0,9.742082,0.0,90.0,5.7,62.0,4940243.611846166
0.0,0.121946,0.0,0.0,6.0,1.0,-470540.38735478977
